<?xml version="1.0" encoding="UTF-8"?>
<FlexiPage xmlns="http://soap.sforce.com/2006/04/metadata">
    <flexiPageRegions>
        <itemInstances>
            <componentInstance>
                <componentName>demoCounter</componentName>
            </componentInstance>
        </itemInstances>
        <name>region1</name>
        <type>Region</type>
    </flexiPageRegions>
    <flexiPageRegions>
        <name>region2</name>
        <type>Region</type>
    </flexiPageRegions>
    <flexiPageRegions>
        <name>region3</name>
        <type>Region</type>
    </flexiPageRegions>
    <masterLabel>Counter</masterLabel>
    <template>
        <name>flexipage:appHomeTemplateHeaderTwoColumnsLeftSidebar</name>
    </template>
    <type>AppPage</type>
</FlexiPage>
