<?xml version="1.0" encoding="UTF-8" ?>
<Profile xmlns="http://soap.sforce.com/2006/04/metadata">
    <applicationVisibilities>
        <application>standard__Sales</application>
        <default>true</default>
        <visible>true</visible>
    </applicationVisibilities>
    <applicationVisibilities>
        <application>standard__AllTabSet</application>
        <default>false</default>
        <visible>false</visible>
    </applicationVisibilities>
    <applicationVisibilities>
        <application>standard__Commerce</application>
        <default>false</default>
        <visible>false</visible>
    </applicationVisibilities>
    <applicationVisibilities>
        <application>standard__Insights</application>
        <default>false</default>
        <visible>false</visible>
    </applicationVisibilities>
    <applicationVisibilities>
        <application>standard__AppLauncher</application>
        <default>false</default>
        <visible>false</visible>
    </applicationVisibilities>
    <applicationVisibilities>
        <application>standard__LightningBolt</application>
        <default>false</default>
        <visible>false</visible>
    </applicationVisibilities>
    <applicationVisibilities>
        <application>standard__Community</application>
        <default>false</default>
        <visible>false</visible>
    </applicationVisibilities>
    <applicationVisibilities>
        <application>standard__Content</application>
        <default>false</default>
        <visible>false</visible>
    </applicationVisibilities>
    <applicationVisibilities>
        <application>standard__Marketing</application>
        <default>false</default>
        <visible>false</visible>
    </applicationVisibilities>
    <applicationVisibilities>
        <application>standard__LightningSales</application>
        <default>false</default>
        <visible>false</visible>
    </applicationVisibilities>
    <applicationVisibilities>
        <application>standard__Chatter</application>
        <default>false</default>
        <visible>false</visible>
    </applicationVisibilities>
    <applicationVisibilities>
        <application>standard__SalesforceCMS</application>
        <default>false</default>
        <visible>false</visible>
    </applicationVisibilities>
    <applicationVisibilities>
        <application>standard__ServiceConsole</application>
        <default>false</default>
        <visible>false</visible>
    </applicationVisibilities>
    <applicationVisibilities>
        <application>standard__Service</application>
        <default>false</default>
        <visible>false</visible>
    </applicationVisibilities>
    <applicationVisibilities>
        <application>standard__Sites</application>
        <default>false</default>
        <visible>false</visible>
    </applicationVisibilities>
    <custom>false</custom> 
    <userLicense>Salesforce</userLicense>    
</Profile>
