{
	"fetched": 12,
	"records": [
		{
			"attributes": {
				"type": "Account",
				"url": "/services/data/v48.0/sobjects/Account/0011g00000jMVrBAAW"
			},
			"AccountNumber": "CD451796",
			"AccountSource": null,
			"AnnualRevenue": 139000000,
			"BillingCity": "Austin",
			"BillingCountry": null,
			"BillingGeocodeAccuracy": null,
			"BillingLatitude": null,
			"BillingLongitude": null,
			"BillingPostalCode": null,
			"BillingState": "TX",
			"BillingStreet": "312 Constitution Place\nAustin, TX 78767\nUSA",
			"CleanStatus": "Pending",
			"Description": "Edge, founded in 1998, is a start-up based in Austin, TX. The company designs and manufactures a device to convert music from one digital format to another. Edge sells its product through retailers and its own website.",
			"DunsNumber": null,
			"Fax": "(512) 757-9000",
			"Id": "0011g00000jMVrBAAW",
			"Industry": "Electronics",
			"Jigsaw": null,
			"NaicsCode": null,
			"NaicsDesc": null,
			"Name": "Edge Communications",
			"NumberOfEmployees": 1000,
			"Ownership": "Public",
			"Phone": "(512) 757-6000",
			"Rating": "Hot",
			"ShippingCity": null,
			"ShippingCountry": null,
			"ShippingGeocodeAccuracy": null,
			"ShippingLatitude": null,
			"ShippingLongitude": null,
			"ShippingPostalCode": null,
			"ShippingState": null,
			"ShippingStreet": "312 Constitution Place\nAustin, TX 78767\nUSA",
			"Sic": "6576",
			"SicDesc": null,
			"Site": null,
			"TickerSymbol": "EDGE",
			"Tradestyle": null,
			"Type": "Customer - Direct",
			"Website": "http://edgecomm.com",
			"YearStarted": null
		},
		{
			"attributes": {
				"type": "Account",
				"url": "/services/data/v48.0/sobjects/Account/0011g00000jMVrCAAW"
			},
			"AccountNumber": "CD656092",
			"AccountSource": null,
			"AnnualRevenue": 350000000,
			"BillingCity": "Burlington",
			"BillingCountry": "USA",
			"BillingGeocodeAccuracy": null,
			"BillingLatitude": null,
			"BillingLongitude": null,
			"BillingPostalCode": "27215",
			"BillingState": "NC",
			"BillingStreet": "525 S. Lexington Ave",
			"CleanStatus": "Pending",
			"Description": null,
			"DunsNumber": null,
			"Fax": "(336) 222-8000",
			"Id": "0011g00000jMVrCAAW",
			"Industry": "Apparel",
			"Jigsaw": null,
			"NaicsCode": null,
			"NaicsDesc": null,
			"Name": "Burlington Textiles Corp of America",
			"NumberOfEmployees": 9000,
			"Ownership": "Public",
			"Phone": "(336) 222-7000",
			"Rating": "Warm",
			"ShippingCity": null,
			"ShippingCountry": null,
			"ShippingGeocodeAccuracy": null,
			"ShippingLatitude": null,
			"ShippingLongitude": null,
			"ShippingPostalCode": null,
			"ShippingState": null,
			"ShippingStreet": null,
			"Sic": "546732",
			"SicDesc": null,
			"Site": null,
			"TickerSymbol": "BTXT",
			"Tradestyle": null,
			"Type": "Customer - Direct",
			"Website": "www.burlington.com",
			"YearStarted": null
		},
		{
			"attributes": {
				"type": "Account",
				"url": "/services/data/v48.0/sobjects/Account/0011g00000jMVrDAAW"
			},
			"AccountNumber": "CC213425",
			"AccountSource": null,
			"AnnualRevenue": 950000000,
			"BillingCity": "Paris",
			"BillingCountry": "France",
			"BillingGeocodeAccuracy": null,
			"BillingLatitude": null,
			"BillingLongitude": null,
			"BillingPostalCode": "75251",
			"BillingState": null,
			"BillingStreet": "2 Place Jussieu",
			"CleanStatus": "Pending",
			"Description": null,
			"DunsNumber": null,
			"Fax": "(014) 427-4428",
			"Id": "0011g00000jMVrDAAW",
			"Industry": "Construction",
			"Jigsaw": null,
			"NaicsCode": null,
			"NaicsDesc": null,
			"Name": "Pyramid Construction Inc.",
			"NumberOfEmployees": 2680,
			"Ownership": "Public",
			"Phone": "(014) 427-4427",
			"Rating": null,
			"ShippingCity": "Paris",
			"ShippingCountry": "France",
			"ShippingGeocodeAccuracy": null,
			"ShippingLatitude": null,
			"ShippingLongitude": null,
			"ShippingPostalCode": "75251",
			"ShippingState": null,
			"ShippingStreet": "2 Place Jussieu",
			"Sic": "4253",
			"SicDesc": null,
			"Site": null,
			"TickerSymbol": "PYR",
			"Tradestyle": null,
			"Type": "Customer - Channel",
			"Website": "www.pyramid.com",
			"YearStarted": null
		},
		{
			"attributes": {
				"type": "Account",
				"url": "/services/data/v48.0/sobjects/Account/0011g00000jMVrEAAW"
			},
			"AccountNumber": "CC634267",
			"AccountSource": null,
			"AnnualRevenue": 50000000,
			"BillingCity": "Lawrence",
			"BillingCountry": "USA",
			"BillingGeocodeAccuracy": null,
			"BillingLatitude": null,
			"BillingLongitude": null,
			"BillingPostalCode": "66045",
			"BillingState": "KS",
			"BillingStreet": "1301 Hoch Drive",
			"CleanStatus": "Pending",
			"Description": null,
			"DunsNumber": null,
			"Fax": "(785) 241-6201",
			"Id": "0011g00000jMVrEAAW",
			"Industry": "Consulting",
			"Jigsaw": null,
			"NaicsCode": null,
			"NaicsDesc": null,
			"Name": "Dickenson plc",
			"NumberOfEmployees": 120,
			"Ownership": "Private",
			"Phone": "(785) 241-6200",
			"Rating": null,
			"ShippingCity": "Lawrence",
			"ShippingCountry": "USA",
			"ShippingGeocodeAccuracy": null,
			"ShippingLatitude": null,
			"ShippingLongitude": null,
			"ShippingPostalCode": "66045",
			"ShippingState": "KS",
			"ShippingStreet": "1301 Hoch Drive",
			"Sic": "6752",
			"SicDesc": null,
			"Site": null,
			"TickerSymbol": null,
			"Tradestyle": null,
			"Type": "Customer - Channel",
			"Website": "dickenson-consulting.com",
			"YearStarted": null
		},
		{
			"attributes": {
				"type": "Account",
				"url": "/services/data/v48.0/sobjects/Account/0011g00000jMVrFAAW"
			},
			"AccountNumber": "CD439877",
			"AccountSource": null,
			"AnnualRevenue": 500000000,
			"BillingCity": "Chicago",
			"BillingCountry": null,
			"BillingGeocodeAccuracy": null,
			"BillingLatitude": null,
			"BillingLongitude": null,
			"BillingPostalCode": null,
			"BillingState": "IL",
			"BillingStreet": "2334 N. Michigan Avenue, Suite 1500\nChicago, IL 60601, USA",
			"CleanStatus": "Pending",
			"Description": "Chain of hotels and resorts across the US, UK, Eastern Europe, Japan, and SE Asia.",
			"DunsNumber": null,
			"Fax": "(312) 596-1500",
			"Id": "0011g00000jMVrFAAW",
			"Industry": "Hospitality",
			"Jigsaw": null,
			"NaicsCode": null,
			"NaicsDesc": null,
			"Name": "Grand Hotels & Resorts Ltd",
			"NumberOfEmployees": 5600,
			"Ownership": "Public",
			"Phone": "(312) 596-1000",
			"Rating": "Warm",
			"ShippingCity": null,
			"ShippingCountry": null,
			"ShippingGeocodeAccuracy": null,
			"ShippingLatitude": null,
			"ShippingLongitude": null,
			"ShippingPostalCode": null,
			"ShippingState": null,
			"ShippingStreet": "2334 N. Michigan Avenue, Suite 1500\nChicago, IL 60601, USA",
			"Sic": "2268",
			"SicDesc": null,
			"Site": null,
			"TickerSymbol": "GHTL",
			"Tradestyle": null,
			"Type": "Customer - Direct",
			"Website": "www.grandhotels.com",
			"YearStarted": null
		},
		{
			"attributes": {
				"type": "Account",
				"url": "/services/data/v48.0/sobjects/Account/0011g00000jMVrGAAW"
			},
			"AccountNumber": "CD355118",
			"AccountSource": null,
			"AnnualRevenue": 5600000000,
			"BillingCity": "New York",
			"BillingCountry": null,
			"BillingGeocodeAccuracy": null,
			"BillingLatitude": null,
			"BillingLongitude": null,
			"BillingPostalCode": null,
			"BillingState": "NY",
			"BillingStreet": "1301 Avenue of the Americas \r\nNew York, NY 10019\r\nUSA",
			"CleanStatus": "Pending",
			"Description": "World's third largest oil and gas company.",
			"DunsNumber": null,
			"Fax": "(212) 842-5501",
			"Id": "0011g00000jMVrGAAW",
			"Industry": "Energy",
			"Jigsaw": null,
			"NaicsCode": null,
			"NaicsDesc": null,
			"Name": "United Oil & Gas Corp.",
			"NumberOfEmployees": 145000,
			"Ownership": "Public",
			"Phone": "(212) 842-5500",
			"Rating": "Hot",
			"ShippingCity": null,
			"ShippingCountry": null,
			"ShippingGeocodeAccuracy": null,
			"ShippingLatitude": null,
			"ShippingLongitude": null,
			"ShippingPostalCode": null,
			"ShippingState": null,
			"ShippingStreet": "1301 Avenue of the Americas \r\nNew York, NY 10019\r\nUSA",
			"Sic": "4437",
			"SicDesc": null,
			"Site": null,
			"TickerSymbol": "UOS",
			"Tradestyle": null,
			"Type": "Customer - Direct",
			"Website": "http://www.uos.com",
			"YearStarted": null
		},
		{
			"attributes": {
				"type": "Account",
				"url": "/services/data/v48.0/sobjects/Account/0011g00000jMVrHAAW"
			},
			"AccountNumber": "CC947211",
			"AccountSource": null,
			"AnnualRevenue": 950000000,
			"BillingCity": "Portland",
			"BillingCountry": null,
			"BillingGeocodeAccuracy": null,
			"BillingLatitude": null,
			"BillingLongitude": null,
			"BillingPostalCode": null,
			"BillingState": "OR",
			"BillingStreet": "620 SW 5th Avenue Suite 400\nPortland, Oregon 97204\nUnited States",
			"CleanStatus": "Pending",
			"Description": "Commerical logistics and transportation company.",
			"DunsNumber": null,
			"Fax": "(503) 421-7801",
			"Id": "0011g00000jMVrHAAW",
			"Industry": "Transportation",
			"Jigsaw": null,
			"NaicsCode": null,
			"NaicsDesc": null,
			"Name": "Express Logistics and Transport",
			"NumberOfEmployees": 12300,
			"Ownership": "Public",
			"Phone": "(503) 421-7800",
			"Rating": "Cold",
			"ShippingCity": null,
			"ShippingCountry": null,
			"ShippingGeocodeAccuracy": null,
			"ShippingLatitude": null,
			"ShippingLongitude": null,
			"ShippingPostalCode": null,
			"ShippingState": null,
			"ShippingStreet": "620 SW 5th Avenue Suite 400\nPortland, Oregon 97204\nUnited States",
			"Sic": "8742",
			"SicDesc": null,
			"Site": null,
			"TickerSymbol": "EXLT",
			"Tradestyle": null,
			"Type": "Customer - Channel",
			"Website": "www.expresslandt.net",
			"YearStarted": null
		},
		{
			"attributes": {
				"type": "Account",
				"url": "/services/data/v48.0/sobjects/Account/0011g00000jMVrIAAW"
			},
			"AccountNumber": "CD736025",
			"AccountSource": null,
			"AnnualRevenue": null,
			"BillingCity": "Tucson",
			"BillingCountry": null,
			"BillingGeocodeAccuracy": null,
			"BillingLatitude": null,
			"BillingLongitude": null,
			"BillingPostalCode": null,
			"BillingState": "AZ",
			"BillingStreet": "888 N Euclid \nHallis Center, Room 501\nTucson, AZ 85721\nUnited States",
			"CleanStatus": "Pending",
			"Description": "Leading university in AZ offering undergraduate and graduate programs in arts and humanities, pure sciences, engineering, business, and medicine.",
			"DunsNumber": null,
			"Fax": "(520) 773-9060",
			"Id": "0011g00000jMVrIAAW",
			"Industry": "Education",
			"Jigsaw": null,
			"NaicsCode": null,
			"NaicsDesc": null,
			"Name": "University of Arizona",
			"NumberOfEmployees": 39000,
			"Ownership": "Other",
			"Phone": "(520) 773-9050",
			"Rating": "Warm",
			"ShippingCity": null,
			"ShippingCountry": null,
			"ShippingGeocodeAccuracy": null,
			"ShippingLatitude": null,
			"ShippingLongitude": null,
			"ShippingPostalCode": null,
			"ShippingState": null,
			"ShippingStreet": "888 N Euclid \nHallis Center, Room 501\nTucson, AZ 85721\nUnited States",
			"Sic": "7321",
			"SicDesc": null,
			"Site": null,
			"TickerSymbol": null,
			"Tradestyle": null,
			"Type": "Customer - Direct",
			"Website": "www.universityofarizona.com",
			"YearStarted": null
		},
		{
			"attributes": {
				"type": "Account",
				"url": "/services/data/v48.0/sobjects/Account/0011g00000jMVrJAAW"
			},
			"AccountNumber": "CD355119-A",
			"AccountSource": null,
			"AnnualRevenue": null,
			"BillingCity": null,
			"BillingCountry": null,
			"BillingGeocodeAccuracy": null,
			"BillingLatitude": null,
			"BillingLongitude": null,
			"BillingPostalCode": null,
			"BillingState": "UK",
			"BillingStreet": "Kings Park, 17th Avenue, Team Valley Trading Estate,\nGateshead, Tyne and Wear NE26 3HS\nUnited Kingdom",
			"CleanStatus": "Pending",
			"Description": null,
			"DunsNumber": null,
			"Fax": "+44 191 4956620",
			"Id": "0011g00000jMVrJAAW",
			"Industry": "Energy",
			"Jigsaw": null,
			"NaicsCode": null,
			"NaicsDesc": null,
			"Name": "United Oil & Gas, UK",
			"NumberOfEmployees": 24000,
			"Ownership": "Public",
			"Phone": "+44 191 4956203",
			"Rating": null,
			"ShippingCity": null,
			"ShippingCountry": null,
			"ShippingGeocodeAccuracy": null,
			"ShippingLatitude": null,
			"ShippingLongitude": null,
			"ShippingPostalCode": null,
			"ShippingState": null,
			"ShippingStreet": "Kings Park, 17th Avenue, Team Valley Trading Estate,\nGateshead, Tyne and Wear NE26 3HS\nUnited Kingdom",
			"Sic": "4437",
			"SicDesc": null,
			"Site": null,
			"TickerSymbol": "UOS",
			"Tradestyle": null,
			"Type": "Customer - Direct",
			"Website": "http://www.uos.com",
			"YearStarted": null
		},
		{
			"attributes": {
				"type": "Account",
				"url": "/services/data/v48.0/sobjects/Account/0011g00000jMVrKAAW"
			},
			"AccountNumber": "CD355120-B",
			"AccountSource": null,
			"AnnualRevenue": null,
			"BillingCity": "Singapore",
			"BillingCountry": null,
			"BillingGeocodeAccuracy": null,
			"BillingLatitude": null,
			"BillingLongitude": null,
			"BillingPostalCode": null,
			"BillingState": "Singapore",
			"BillingStreet": "9 Tagore Lane\nSingapore, Singapore 787472\nSingapore",
			"CleanStatus": "Pending",
			"Description": null,
			"DunsNumber": null,
			"Fax": "(650) 450-8820",
			"Id": "0011g00000jMVrKAAW",
			"Industry": "Energy",
			"Jigsaw": null,
			"NaicsCode": null,
			"NaicsDesc": null,
			"Name": "United Oil & Gas, Singapore",
			"NumberOfEmployees": 3000,
			"Ownership": "Public",
			"Phone": "(650) 450-8810",
			"Rating": null,
			"ShippingCity": null,
			"ShippingCountry": null,
			"ShippingGeocodeAccuracy": null,
			"ShippingLatitude": null,
			"ShippingLongitude": null,
			"ShippingPostalCode": null,
			"ShippingState": null,
			"ShippingStreet": "9 Tagore Lane\nSingapore, Singapore 787472\nSingapore",
			"Sic": "4437",
			"SicDesc": null,
			"Site": null,
			"TickerSymbol": "UOS",
			"Tradestyle": null,
			"Type": "Customer - Direct",
			"Website": "http://www.uos.com",
			"YearStarted": null
		},
		{
			"attributes": {
				"type": "Account",
				"url": "/services/data/v48.0/sobjects/Account/0011g00000jMVrLAAW"
			},
			"AccountNumber": "CC978213",
			"AccountSource": null,
			"AnnualRevenue": 30000000,
			"BillingCity": "Mountain View",
			"BillingCountry": null,
			"BillingGeocodeAccuracy": null,
			"BillingLatitude": null,
			"BillingLongitude": null,
			"BillingPostalCode": null,
			"BillingState": "CA",
			"BillingStreet": "345 Shoreline Park\nMountain View, CA 94043\nUSA",
			"CleanStatus": "Pending",
			"Description": "Genomics company engaged in mapping and sequencing of the human genome and developing gene-based drugs",
			"DunsNumber": null,
			"Fax": "(650) 867-9895",
			"Id": "0011g00000jMVrLAAW",
			"Industry": "Biotechnology",
			"Jigsaw": null,
			"NaicsCode": null,
			"NaicsDesc": null,
			"Name": "GenePoint",
			"NumberOfEmployees": 265,
			"Ownership": "Private",
			"Phone": "(650) 867-3450",
			"Rating": "Cold",
			"ShippingCity": null,
			"ShippingCountry": null,
			"ShippingGeocodeAccuracy": null,
			"ShippingLatitude": null,
			"ShippingLongitude": null,
			"ShippingPostalCode": null,
			"ShippingState": null,
			"ShippingStreet": "345 Shoreline Park\nMountain View, CA 94043\nUSA",
			"Sic": "3712",
			"SicDesc": null,
			"Site": null,
			"TickerSymbol": null,
			"Tradestyle": null,
			"Type": "Customer - Channel",
			"Website": "www.genepoint.com",
			"YearStarted": null
		},
		{
			"attributes": {
				"type": "Account",
				"url": "/services/data/v48.0/sobjects/Account/0011g00000jMVrMAAW"
			},
			"AccountNumber": null,
			"AccountSource": null,
			"AnnualRevenue": null,
			"BillingCity": "San Francisco",
			"BillingCountry": "US",
			"BillingGeocodeAccuracy": null,
			"BillingLatitude": null,
			"BillingLongitude": null,
			"BillingPostalCode": "94087",
			"BillingState": "CA",
			"BillingStreet": "The Landmark @ One Market",
			"CleanStatus": "Pending",
			"Description": null,
			"DunsNumber": null,
			"Fax": "(415) 901-7002",
			"Id": "0011g00000jMVrMAAW",
			"Industry": null,
			"Jigsaw": null,
			"NaicsCode": null,
			"NaicsDesc": null,
			"Name": "sForce",
			"NumberOfEmployees": null,
			"Ownership": null,
			"Phone": "(415) 901-7000",
			"Rating": null,
			"ShippingCity": null,
			"ShippingCountry": null,
			"ShippingGeocodeAccuracy": null,
			"ShippingLatitude": null,
			"ShippingLongitude": null,
			"ShippingPostalCode": null,
			"ShippingState": null,
			"ShippingStreet": null,
			"Sic": null,
			"SicDesc": null,
			"Site": null,
			"TickerSymbol": null,
			"Tradestyle": null,
			"Type": null,
			"Website": "www.sforce.com",
			"YearStarted": null
		}
	],
	"total": 12
}
