{
	"fetched": 26,
	"records": [
		{
			"attributes": {
				"type": "Case",
				"url": "/services/data/v48.0/sobjects/Case/5001g000009As1IAAS"
			},
			"AccountId": "0011g00000jMVrBAAW",
			"Comments": null,
			"ContactId": "0031g00000faZ6WAAU",
			"Description": null,
			"Id": "5001g000009As1IAAS",
			"IsEscalated": false,
			"Origin": "Phone",
			"Priority": "High",
			"Reason": "Equipment Complexity",
			"Status": "Closed",
			"Subject": "Starting generator after electrical failure",
			"SuppliedCompany": null,
			"SuppliedEmail": null,
			"SuppliedName": null,
			"SuppliedPhone": null,
			"Type": "Electrical"
		},
		{
			"attributes": {
				"type": "Case",
				"url": "/services/data/v48.0/sobjects/Case/5001g000009As1JAAS"
			},
			"AccountId": "0011g00000jMVrGAAW",
			"Comments": null,
			"ContactId": "0031g00000faZ6nAAE",
			"Description": null,
			"Id": "5001g000009As1JAAS",
			"IsEscalated": false,
			"Origin": "Phone",
			"Priority": "High",
			"Reason": "Performance",
			"Status": "Closed",
			"Subject": "Performance inadequate for second consecutive week",
			"SuppliedCompany": null,
			"SuppliedEmail": null,
			"SuppliedName": null,
			"SuppliedPhone": null,
			"Type": "Electrical"
		},
		{
			"attributes": {
				"type": "Case",
				"url": "/services/data/v48.0/sobjects/Case/5001g000009As1KAAS"
			},
			"AccountId": "0011g00000jMVrGAAW",
			"Comments": null,
			"ContactId": "0031g00000faZ6dAAE",
			"Description": null,
			"Id": "5001g000009As1KAAS",
			"IsEscalated": false,
			"Origin": "Web",
			"Priority": "Low",
			"Reason": "Installation",
			"Status": "New",
			"Subject": "Seeking guidance on electrical wiring installation for GC5060",
			"SuppliedCompany": null,
			"SuppliedEmail": null,
			"SuppliedName": null,
			"SuppliedPhone": null,
			"Type": "Electrical"
		},
		{
			"attributes": {
				"type": "Case",
				"url": "/services/data/v48.0/sobjects/Case/5001g000009As1LAAS"
			},
			"AccountId": "0011g00000jMVrHAAW",
			"Comments": null,
			"ContactId": "0031g00000faZ6fAAE",
			"Description": null,
			"Id": "5001g000009As1LAAS",
			"IsEscalated": false,
			"Origin": "Web",
			"Priority": "Low",
			"Reason": "Installation",
			"Status": "Closed",
			"Subject": "Easy installation process",
			"SuppliedCompany": null,
			"SuppliedEmail": null,
			"SuppliedName": null,
			"SuppliedPhone": null,
			"Type": "Other"
		},
		{
			"attributes": {
				"type": "Case",
				"url": "/services/data/v48.0/sobjects/Case/5001g000009As1MAAS"
			},
			"AccountId": "0011g00000jMVrHAAW",
			"Comments": null,
			"ContactId": "0031g00000faZ6fAAE",
			"Description": null,
			"Id": "5001g000009As1MAAS",
			"IsEscalated": false,
			"Origin": "Phone",
			"Priority": "Medium",
			"Reason": "Other",
			"Status": "Closed",
			"Subject": "Maintenance guidelines for generator unclear",
			"SuppliedCompany": null,
			"SuppliedEmail": null,
			"SuppliedName": null,
			"SuppliedPhone": null,
			"Type": "Other"
		},
		{
			"attributes": {
				"type": "Case",
				"url": "/services/data/v48.0/sobjects/Case/5001g000009As1NAAS"
			},
			"AccountId": "0011g00000jMVrHAAW",
			"Comments": null,
			"ContactId": "0031g00000faZ6gAAE",
			"Description": null,
			"Id": "5001g000009As1NAAS",
			"IsEscalated": false,
			"Origin": "Phone",
			"Priority": "Medium",
			"Reason": "Performance",
			"Status": "Closed",
			"Subject": "Electrical circuit malfunctioning",
			"SuppliedCompany": null,
			"SuppliedEmail": null,
			"SuppliedName": null,
			"SuppliedPhone": null,
			"Type": "Electrical"
		},
		{
			"attributes": {
				"type": "Case",
				"url": "/services/data/v48.0/sobjects/Case/5001g000009As1OAAS"
			},
			"AccountId": "0011g00000jMVrLAAW",
			"Comments": null,
			"ContactId": "0031g00000faZ6mAAE",
			"Description": null,
			"Id": "5001g000009As1OAAS",
			"IsEscalated": false,
			"Origin": "Phone",
			"Priority": "Low",
			"Reason": "Feedback",
			"Status": "Closed",
			"Subject": "Generator assembly instructions unclear",
			"SuppliedCompany": null,
			"SuppliedEmail": null,
			"SuppliedName": null,
			"SuppliedPhone": null,
			"Type": "Other"
		},
		{
			"attributes": {
				"type": "Case",
				"url": "/services/data/v48.0/sobjects/Case/5001g000009As1PAAS"
			},
			"AccountId": "0011g00000jMVrFAAW",
			"Comments": null,
			"ContactId": "0031g00000faZ6bAAE",
			"Description": null,
			"Id": "5001g000009As1PAAS",
			"IsEscalated": false,
			"Origin": "Phone",
			"Priority": "Medium",
			"Reason": "Breakdown",
			"Status": "Closed",
			"Subject": "Structural breakdown of rotor assembly",
			"SuppliedCompany": null,
			"SuppliedEmail": null,
			"SuppliedName": null,
			"SuppliedPhone": null,
			"Type": "Structural"
		},
		{
			"attributes": {
				"type": "Case",
				"url": "/services/data/v48.0/sobjects/Case/5001g000009As1QAAS"
			},
			"AccountId": "0011g00000jMVrFAAW",
			"Comments": null,
			"ContactId": "0031g00000faZ6bAAE",
			"Description": null,
			"Id": "5001g000009As1QAAS",
			"IsEscalated": false,
			"Origin": "Web",
			"Priority": "Low",
			"Reason": "Feedback",
			"Status": "Closed",
			"Subject": "Customer service for portable generators needs beefing up",
			"SuppliedCompany": null,
			"SuppliedEmail": null,
			"SuppliedName": null,
			"SuppliedPhone": null,
			"Type": "Other"
		},
		{
			"attributes": {
				"type": "Case",
				"url": "/services/data/v48.0/sobjects/Case/5001g000009As1RAAS"
			},
			"AccountId": "0011g00000jMVrJAAW",
			"Comments": null,
			"ContactId": "0031g00000faZ6jAAE",
			"Description": null,
			"Id": "5001g000009As1RAAS",
			"IsEscalated": false,
			"Origin": "Phone",
			"Priority": "Medium",
			"Reason": "Other",
			"Status": "Closed",
			"Subject": "Mechanical maintenance guidelines for generator misleading",
			"SuppliedCompany": null,
			"SuppliedEmail": null,
			"SuppliedName": null,
			"SuppliedPhone": null,
			"Type": "Mechanical"
		},
		{
			"attributes": {
				"type": "Case",
				"url": "/services/data/v48.0/sobjects/Case/5001g000009As1SAAS"
			},
			"AccountId": "0011g00000jMVrKAAW",
			"Comments": null,
			"ContactId": "0031g00000faZ6kAAE",
			"Description": null,
			"Id": "5001g000009As1SAAS",
			"IsEscalated": false,
			"Origin": "Web",
			"Priority": "Low",
			"Reason": "Feedback",
			"Status": "Closed",
			"Subject": "Maintenance guidelines for generator unclear",
			"SuppliedCompany": null,
			"SuppliedEmail": null,
			"SuppliedName": null,
			"SuppliedPhone": null,
			"Type": "Other"
		},
		{
			"attributes": {
				"type": "Case",
				"url": "/services/data/v48.0/sobjects/Case/5001g000009As1TAAS"
			},
			"AccountId": "0011g00000jMVrKAAW",
			"Comments": null,
			"ContactId": "0031g00000faZ6lAAE",
			"Description": null,
			"Id": "5001g000009As1TAAS",
			"IsEscalated": false,
			"Origin": "Web",
			"Priority": "Medium",
			"Reason": "Equipment Design",
			"Status": "Closed",
			"Subject": "Electronic panel fitting loose",
			"SuppliedCompany": null,
			"SuppliedEmail": null,
			"SuppliedName": null,
			"SuppliedPhone": null,
			"Type": "Electronic"
		},
		{
			"attributes": {
				"type": "Case",
				"url": "/services/data/v48.0/sobjects/Case/5001g000009As1UAAS"
			},
			"AccountId": "0011g00000jMVrIAAW",
			"Comments": null,
			"ContactId": "0031g00000faZ6hAAE",
			"Description": null,
			"Id": "5001g000009As1UAAS",
			"IsEscalated": false,
			"Origin": "Web",
			"Priority": "Medium",
			"Reason": "Breakdown",
			"Status": "Closed",
			"Subject": "Repeated motor breakdown while shutting off",
			"SuppliedCompany": null,
			"SuppliedEmail": null,
			"SuppliedName": null,
			"SuppliedPhone": null,
			"Type": "Electrical"
		},
		{
			"attributes": {
				"type": "Case",
				"url": "/services/data/v48.0/sobjects/Case/5001g000009As1VAAS"
			},
			"AccountId": "0011g00000jMVrFAAW",
			"Comments": null,
			"ContactId": "0031g00000faZ6cAAE",
			"Description": null,
			"Id": "5001g000009As1VAAS",
			"IsEscalated": false,
			"Origin": "Web",
			"Priority": "Medium",
			"Reason": "Equipment Design",
			"Status": "Closed",
			"Subject": "Starting up generator consumes excessive power",
			"SuppliedCompany": null,
			"SuppliedEmail": null,
			"SuppliedName": null,
			"SuppliedPhone": null,
			"Type": "Other"
		},
		{
			"attributes": {
				"type": "Case",
				"url": "/services/data/v48.0/sobjects/Case/5001g000009As1WAAS"
			},
			"AccountId": "0011g00000jMVrFAAW",
			"Comments": null,
			"ContactId": "0031g00000faZ6cAAE",
			"Description": null,
			"Id": "5001g000009As1WAAS",
			"IsEscalated": false,
			"Origin": "Phone",
			"Priority": "High",
			"Reason": "Installation",
			"Status": "Closed",
			"Subject": "Delay in installation; spare parts unavailable",
			"SuppliedCompany": null,
			"SuppliedEmail": null,
			"SuppliedName": null,
			"SuppliedPhone": null,
			"Type": "Other"
		},
		{
			"attributes": {
				"type": "Case",
				"url": "/services/data/v48.0/sobjects/Case/5001g000009As1XAAS"
			},
			"AccountId": "0011g00000jMVrKAAW",
			"Comments": null,
			"ContactId": "0031g00000faZ6lAAE",
			"Description": null,
			"Id": "5001g000009As1XAAS",
			"IsEscalated": false,
			"Origin": "Web",
			"Priority": "Medium",
			"Reason": "Breakdown",
			"Status": "Closed",
			"Subject": "Frequent mechanical breakdown",
			"SuppliedCompany": null,
			"SuppliedEmail": null,
			"SuppliedName": null,
			"SuppliedPhone": null,
			"Type": "Mechanical"
		},
		{
			"attributes": {
				"type": "Case",
				"url": "/services/data/v48.0/sobjects/Case/5001g000009As1YAAS"
			},
			"AccountId": "0011g00000jMVrLAAW",
			"Comments": null,
			"ContactId": "0031g00000faZ6mAAE",
			"Description": null,
			"Id": "5001g000009As1YAAS",
			"IsEscalated": false,
			"Origin": "Web",
			"Priority": "Low",
			"Reason": "Feedback",
			"Status": "New",
			"Subject": "Maintenance guidelines for generator unclear",
			"SuppliedCompany": null,
			"SuppliedEmail": null,
			"SuppliedName": null,
			"SuppliedPhone": null,
			"Type": "Other"
		},
		{
			"attributes": {
				"type": "Case",
				"url": "/services/data/v48.0/sobjects/Case/5001g000009As1ZAAS"
			},
			"AccountId": "0011g00000jMVrBAAW",
			"Comments": null,
			"ContactId": "0031g00000faZ6XAAU",
			"Description": null,
			"Id": "5001g000009As1ZAAS",
			"IsEscalated": false,
			"Origin": "Web",
			"Priority": "Medium",
			"Reason": "Equipment Complexity",
			"Status": "Closed",
			"Subject": "Shutting down of generator",
			"SuppliedCompany": null,
			"SuppliedEmail": null,
			"SuppliedName": null,
			"SuppliedPhone": null,
			"Type": "Mechanical"
		},
		{
			"attributes": {
				"type": "Case",
				"url": "/services/data/v48.0/sobjects/Case/5001g000009As1aAAC"
			},
			"AccountId": "0011g00000jMVrBAAW",
			"Comments": null,
			"ContactId": "0031g00000faZ6XAAU",
			"Description": null,
			"Id": "5001g000009As1aAAC",
			"IsEscalated": false,
			"Origin": "Phone",
			"Priority": "Medium",
			"Reason": "Equipment Complexity",
			"Status": "Closed",
			"Subject": "Cannot start generator after electrical failure",
			"SuppliedCompany": null,
			"SuppliedEmail": null,
			"SuppliedName": null,
			"SuppliedPhone": null,
			"Type": "Electrical"
		},
		{
			"attributes": {
				"type": "Case",
				"url": "/services/data/v48.0/sobjects/Case/5001g000009As1bAAC"
			},
			"AccountId": "0011g00000jMVrCAAW",
			"Comments": null,
			"ContactId": "0031g00000faZ6YAAU",
			"Description": null,
			"Id": "5001g000009As1bAAC",
			"IsEscalated": false,
			"Origin": "Web",
			"Priority": "High",
			"Reason": "Equipment Design",
			"Status": "Closed",
			"Subject": "Structural failure of generator base",
			"SuppliedCompany": null,
			"SuppliedEmail": null,
			"SuppliedName": null,
			"SuppliedPhone": null,
			"Type": "Structural"
		},
		{
			"attributes": {
				"type": "Case",
				"url": "/services/data/v48.0/sobjects/Case/5001g000009As1cAAC"
			},
			"AccountId": "0011g00000jMVrCAAW",
			"Comments": null,
			"ContactId": "0031g00000faZ6YAAU",
			"Description": null,
			"Id": "5001g000009As1cAAC",
			"IsEscalated": false,
			"Origin": "Phone",
			"Priority": "Medium",
			"Reason": "Performance",
			"Status": "Closed",
			"Subject": "Power generation below stated level",
			"SuppliedCompany": null,
			"SuppliedEmail": null,
			"SuppliedName": null,
			"SuppliedPhone": null,
			"Type": "Electrical"
		},
		{
			"attributes": {
				"type": "Case",
				"url": "/services/data/v48.0/sobjects/Case/5001g000009As1dAAC"
			},
			"AccountId": "0011g00000jMVrGAAW",
			"Comments": null,
			"ContactId": "0031g00000faZ6dAAE",
			"Description": null,
			"Id": "5001g000009As1dAAC",
			"IsEscalated": false,
			"Origin": "Phone",
			"Priority": "High",
			"Reason": "Installation",
			"Status": "Closed",
			"Subject": "Generator GC3060 platform structure is weakening",
			"SuppliedCompany": null,
			"SuppliedEmail": null,
			"SuppliedName": null,
			"SuppliedPhone": null,
			"Type": "Structural"
		},
		{
			"attributes": {
				"type": "Case",
				"url": "/services/data/v48.0/sobjects/Case/5001g000009As1eAAC"
			},
			"AccountId": "0011g00000jMVrGAAW",
			"Comments": null,
			"ContactId": "0031g00000faZ6dAAE",
			"Description": null,
			"Id": "5001g000009As1eAAC",
			"IsEscalated": false,
			"Origin": "Web",
			"Priority": "Medium",
			"Reason": "Performance",
			"Status": "Closed",
			"Subject": "Signal panel on GC5060 blinks intermittently",
			"SuppliedCompany": null,
			"SuppliedEmail": null,
			"SuppliedName": null,
			"SuppliedPhone": null,
			"Type": "Electronic"
		},
		{
			"attributes": {
				"type": "Case",
				"url": "/services/data/v48.0/sobjects/Case/5001g000009As1fAAC"
			},
			"AccountId": "0011g00000jMVrGAAW",
			"Comments": null,
			"ContactId": "0031g00000faZ6dAAE",
			"Description": null,
			"Id": "5001g000009As1fAAC",
			"IsEscalated": false,
			"Origin": "Phone",
			"Priority": "High",
			"Reason": "Other",
			"Status": "Closed",
			"Subject": "Electric surge damaging adjacent equipment",
			"SuppliedCompany": null,
			"SuppliedEmail": null,
			"SuppliedName": null,
			"SuppliedPhone": null,
			"Type": "Electrical"
		},
		{
			"attributes": {
				"type": "Case",
				"url": "/services/data/v48.0/sobjects/Case/5001g000009As1gAAC"
			},
			"AccountId": "0011g00000jMVrGAAW",
			"Comments": null,
			"ContactId": "0031g00000faZ6eAAE",
			"Description": null,
			"Id": "5001g000009As1gAAC",
			"IsEscalated": false,
			"Origin": "Web",
			"Priority": "Low",
			"Reason": "Equipment Design",
			"Status": "New",
			"Subject": "Design issue with mechanical rotor",
			"SuppliedCompany": null,
			"SuppliedEmail": null,
			"SuppliedName": null,
			"SuppliedPhone": null,
			"Type": "Mechanical"
		},
		{
			"attributes": {
				"type": "Case",
				"url": "/services/data/v48.0/sobjects/Case/5001g000009As1hAAC"
			},
			"AccountId": "0011g00000jMVrGAAW",
			"Comments": null,
			"ContactId": "0031g00000faZ6eAAE",
			"Description": null,
			"Id": "5001g000009As1hAAC",
			"IsEscalated": false,
			"Origin": "Phone",
			"Priority": "Medium",
			"Reason": "Equipment Design",
			"Status": "Closed",
			"Subject": "Motor design hindering performance",
			"SuppliedCompany": null,
			"SuppliedEmail": null,
			"SuppliedName": null,
			"SuppliedPhone": null,
			"Type": "Electrical"
		}
	],
	"total": 26
}