{
	"fetched": 20,
	"records": [
		{
			"attributes": {
				"type": "Contact",
				"url": "/services/data/v48.0/sobjects/Contact/0031g00000faZ6WAAU"
			},
			"AccountId": "0011g00000jMVrBAAW",
			"AssistantName": null,
			"AssistantPhone": null,
			"Birthdate": "1968-01-22",
			"CleanStatus": "Pending",
			"Department": "Procurement",
			"Description": null,
			"Email": "rose@edge.com",
			"EmailBouncedDate": null,
			"EmailBouncedReason": null,
			"Fax": "(512) 757-9000",
			"FirstName": "Rose",
			"HomePhone": null,
			"Id": "0031g00000faZ6WAAU",
			"Jigsaw": null,
			"LastName": "Gonzalez",
			"LeadSource": "Trade Show",
			"MailingCity": null,
			"MailingCountry": null,
			"MailingGeocodeAccuracy": null,
			"MailingLatitude": null,
			"MailingLongitude": null,
			"MailingPostalCode": null,
			"MailingState": null,
			"MailingStreet": "313 Constitution Place\nAustin, TX 78767\nUSA",
			"MobilePhone": "(512) 757-9340",
			"OtherCity": null,
			"OtherCountry": null,
			"OtherGeocodeAccuracy": null,
			"OtherLatitude": null,
			"OtherLongitude": null,
			"OtherPhone": null,
			"OtherPostalCode": null,
			"OtherState": null,
			"OtherStreet": null,
			"Phone": "(512) 757-6000",
			"Salutation": "Ms.",
			"Title": "SVP, Procurement"
		},
		{
			"attributes": {
				"type": "Contact",
				"url": "/services/data/v48.0/sobjects/Contact/0031g00000faZ6XAAU"
			},
			"AccountId": "0011g00000jMVrBAAW",
			"AssistantName": null,
			"AssistantPhone": null,
			"Birthdate": "1946-10-20",
			"CleanStatus": "Pending",
			"Department": "Finance",
			"Description": null,
			"Email": "sean@edge.com",
			"EmailBouncedDate": null,
			"EmailBouncedReason": null,
			"Fax": "(512) 757-9000",
			"FirstName": "Sean",
			"HomePhone": null,
			"Id": "0031g00000faZ6XAAU",
			"Jigsaw": null,
			"LastName": "Forbes",
			"LeadSource": "Trade Show",
			"MailingCity": null,
			"MailingCountry": null,
			"MailingGeocodeAccuracy": null,
			"MailingLatitude": null,
			"MailingLongitude": null,
			"MailingPostalCode": null,
			"MailingState": null,
			"MailingStreet": "312 Constitution Place\nAustin, TX 78767\nUSA",
			"MobilePhone": "(512) 757-4561",
			"OtherCity": null,
			"OtherCountry": null,
			"OtherGeocodeAccuracy": null,
			"OtherLatitude": null,
			"OtherLongitude": null,
			"OtherPhone": null,
			"OtherPostalCode": null,
			"OtherState": null,
			"OtherStreet": null,
			"Phone": "(512) 757-6000",
			"Salutation": "Mr.",
			"Title": "CFO"
		},
		{
			"attributes": {
				"type": "Contact",
				"url": "/services/data/v48.0/sobjects/Contact/0031g00000faZ6YAAU"
			},
			"AccountId": "0011g00000jMVrCAAW",
			"AssistantName": null,
			"AssistantPhone": null,
			"Birthdate": null,
			"CleanStatus": "Pending",
			"Department": null,
			"Description": null,
			"Email": "jrogers@burlington.com",
			"EmailBouncedDate": null,
			"EmailBouncedReason": null,
			"Fax": "(336) 222-8000",
			"FirstName": "Jack",
			"HomePhone": null,
			"Id": "0031g00000faZ6YAAU",
			"Jigsaw": null,
			"LastName": "Rogers",
			"LeadSource": "Web",
			"MailingCity": "Burlington",
			"MailingCountry": "USA",
			"MailingGeocodeAccuracy": null,
			"MailingLatitude": null,
			"MailingLongitude": null,
			"MailingPostalCode": "27215",
			"MailingState": "NC",
			"MailingStreet": "525 S. Lexington Ave",
			"MobilePhone": null,
			"OtherCity": null,
			"OtherCountry": null,
			"OtherGeocodeAccuracy": null,
			"OtherLatitude": null,
			"OtherLongitude": null,
			"OtherPhone": null,
			"OtherPostalCode": null,
			"OtherState": null,
			"OtherStreet": null,
			"Phone": "(336) 222-7000",
			"Salutation": "Mr.",
			"Title": "VP, Facilities"
		},
		{
			"attributes": {
				"type": "Contact",
				"url": "/services/data/v48.0/sobjects/Contact/0031g00000faZ6ZAAU"
			},
			"AccountId": "0011g00000jMVrDAAW",
			"AssistantName": "Jean Marie",
			"AssistantPhone": "(014) 427-4465",
			"Birthdate": null,
			"CleanStatus": "Pending",
			"Department": "Finance",
			"Description": null,
			"Email": "pat@pyramid.net",
			"EmailBouncedDate": null,
			"EmailBouncedReason": null,
			"Fax": "(014) 427-4428",
			"FirstName": "Pat",
			"HomePhone": null,
			"Id": "0031g00000faZ6ZAAU",
			"Jigsaw": null,
			"LastName": "Stumuller",
			"LeadSource": null,
			"MailingCity": "Paris",
			"MailingCountry": "France",
			"MailingGeocodeAccuracy": null,
			"MailingLatitude": null,
			"MailingLongitude": null,
			"MailingPostalCode": "75251",
			"MailingState": null,
			"MailingStreet": "2 Place Jussieu",
			"MobilePhone": "(014) 454-6364",
			"OtherCity": "Paris",
			"OtherCountry": "France",
			"OtherGeocodeAccuracy": null,
			"OtherLatitude": null,
			"OtherLongitude": null,
			"OtherPhone": null,
			"OtherPostalCode": "75251",
			"OtherState": null,
			"OtherStreet": "2 Place Jussieu",
			"Phone": "(014) 427-4427",
			"Salutation": "Ms.",
			"Title": "SVP, Administration and Finance"
		},
		{
			"attributes": {
				"type": "Contact",
				"url": "/services/data/v48.0/sobjects/Contact/0031g00000faZ6aAAE"
			},
			"AccountId": "0011g00000jMVrEAAW",
			"AssistantName": null,
			"AssistantPhone": null,
			"Birthdate": null,
			"CleanStatus": "Pending",
			"Department": "Internal Operations",
			"Description": null,
			"Email": "a_young@dickenson.com",
			"EmailBouncedDate": null,
			"EmailBouncedReason": null,
			"Fax": null,
			"FirstName": "Andy",
			"HomePhone": null,
			"Id": "0031g00000faZ6aAAE",
			"Jigsaw": null,
			"LastName": "Young",
			"LeadSource": "Purchased List",
			"MailingCity": "Lawrence",
			"MailingCountry": "USA",
			"MailingGeocodeAccuracy": null,
			"MailingLatitude": null,
			"MailingLongitude": null,
			"MailingPostalCode": "66045",
			"MailingState": "KS",
			"MailingStreet": "1301 Hoch Drive",
			"MobilePhone": "(785) 265-5350",
			"OtherCity": "Lawrence",
			"OtherCountry": "USA",
			"OtherGeocodeAccuracy": null,
			"OtherLatitude": null,
			"OtherLongitude": null,
			"OtherPhone": null,
			"OtherPostalCode": "66045",
			"OtherState": "KS",
			"OtherStreet": "1301 Hoch Drive",
			"Phone": "(785) 241-6200",
			"Salutation": "Mr",
			"Title": "SVP, Operations"
		},
		{
			"attributes": {
				"type": "Contact",
				"url": "/services/data/v48.0/sobjects/Contact/0031g00000faZ6bAAE"
			},
			"AccountId": "0011g00000jMVrFAAW",
			"AssistantName": null,
			"AssistantPhone": null,
			"Birthdate": "1953-09-17",
			"CleanStatus": "Pending",
			"Department": "Finance",
			"Description": null,
			"Email": "barr_tim@grandhotels.com",
			"EmailBouncedDate": null,
			"EmailBouncedReason": null,
			"Fax": "(312) 596-1500",
			"FirstName": "Tim",
			"HomePhone": null,
			"Id": "0031g00000faZ6bAAE",
			"Jigsaw": null,
			"LastName": "Barr",
			"LeadSource": "External Referral",
			"MailingCity": null,
			"MailingCountry": null,
			"MailingGeocodeAccuracy": null,
			"MailingLatitude": null,
			"MailingLongitude": null,
			"MailingPostalCode": null,
			"MailingState": null,
			"MailingStreet": "2335 N. Michigan Avenue, Suite 1500\nChicago, IL 60601, USA",
			"MobilePhone": "(312) 596-1230",
			"OtherCity": null,
			"OtherCountry": null,
			"OtherGeocodeAccuracy": null,
			"OtherLatitude": null,
			"OtherLongitude": null,
			"OtherPhone": null,
			"OtherPostalCode": null,
			"OtherState": null,
			"OtherStreet": null,
			"Phone": "(312) 596-1000",
			"Salutation": "Mr.",
			"Title": "SVP, Administration and Finance"
		},
		{
			"attributes": {
				"type": "Contact",
				"url": "/services/data/v48.0/sobjects/Contact/0031g00000faZ6cAAE"
			},
			"AccountId": "0011g00000jMVrFAAW",
			"AssistantName": null,
			"AssistantPhone": null,
			"Birthdate": "1955-11-29",
			"CleanStatus": "Pending",
			"Department": "Facilities",
			"Description": null,
			"Email": "bond_john@grandhotels.com",
			"EmailBouncedDate": null,
			"EmailBouncedReason": null,
			"Fax": "(312) 596-1500",
			"FirstName": "John",
			"HomePhone": null,
			"Id": "0031g00000faZ6cAAE",
			"Jigsaw": null,
			"LastName": "Bond",
			"LeadSource": "External Referral",
			"MailingCity": null,
			"MailingCountry": null,
			"MailingGeocodeAccuracy": null,
			"MailingLatitude": null,
			"MailingLongitude": null,
			"MailingPostalCode": null,
			"MailingState": null,
			"MailingStreet": "2334 N. Michigan Avenue, Suite 1500\nChicago, IL 60601, USA",
			"MobilePhone": "(312) 596-1563",
			"OtherCity": null,
			"OtherCountry": null,
			"OtherGeocodeAccuracy": null,
			"OtherLatitude": null,
			"OtherLongitude": null,
			"OtherPhone": null,
			"OtherPostalCode": null,
			"OtherState": null,
			"OtherStreet": null,
			"Phone": "(312) 596-1000",
			"Salutation": "Mr.",
			"Title": "VP, Facilities"
		},
		{
			"attributes": {
				"type": "Contact",
				"url": "/services/data/v48.0/sobjects/Contact/0031g00000faZ6dAAE"
			},
			"AccountId": "0011g00000jMVrGAAW",
			"AssistantName": "Audrey Haynes",
			"AssistantPhone": "(212) 842-5589",
			"Birthdate": "1943-05-15",
			"CleanStatus": "Pending",
			"Department": "Production",
			"Description": null,
			"Email": "spavlova@uog.com",
			"EmailBouncedDate": null,
			"EmailBouncedReason": null,
			"Fax": "(212) 842-5501",
			"FirstName": "Stella",
			"HomePhone": null,
			"Id": "0031g00000faZ6dAAE",
			"Jigsaw": null,
			"LastName": "Pavlova",
			"LeadSource": "Public Relations",
			"MailingCity": null,
			"MailingCountry": null,
			"MailingGeocodeAccuracy": null,
			"MailingLatitude": null,
			"MailingLongitude": null,
			"MailingPostalCode": null,
			"MailingState": null,
			"MailingStreet": "1303 Avenue of the Americas \nNew York, NY 10019\nUSA",
			"MobilePhone": "(212) 842-5501",
			"OtherCity": null,
			"OtherCountry": null,
			"OtherGeocodeAccuracy": null,
			"OtherLatitude": null,
			"OtherLongitude": null,
			"OtherPhone": "(212) 842-5543",
			"OtherPostalCode": null,
			"OtherState": null,
			"OtherStreet": null,
			"Phone": "(212) 842-5500",
			"Salutation": "Ms.",
			"Title": "SVP, Production"
		},
		{
			"attributes": {
				"type": "Contact",
				"url": "/services/data/v48.0/sobjects/Contact/0031g00000faZ6eAAE"
			},
			"AccountId": "0011g00000jMVrGAAW",
			"AssistantName": null,
			"AssistantPhone": null,
			"Birthdate": "1960-06-27",
			"CleanStatus": "Pending",
			"Department": "Technology",
			"Description": null,
			"Email": "lboyle@uog.com",
			"EmailBouncedDate": null,
			"EmailBouncedReason": null,
			"Fax": "(212) 842-5501",
			"FirstName": "Lauren",
			"HomePhone": null,
			"Id": "0031g00000faZ6eAAE",
			"Jigsaw": null,
			"LastName": "Boyle",
			"LeadSource": "Public Relations",
			"MailingCity": null,
			"MailingCountry": null,
			"MailingGeocodeAccuracy": null,
			"MailingLatitude": null,
			"MailingLongitude": null,
			"MailingPostalCode": null,
			"MailingState": null,
			"MailingStreet": "1304 Avenue of the Americas \nNew York, NY 10019\nUSA",
			"MobilePhone": "(212) 842-5611",
			"OtherCity": null,
			"OtherCountry": null,
			"OtherGeocodeAccuracy": null,
			"OtherLatitude": null,
			"OtherLongitude": null,
			"OtherPhone": null,
			"OtherPostalCode": null,
			"OtherState": null,
			"OtherStreet": null,
			"Phone": "(212) 842-5500",
			"Salutation": "Ms.",
			"Title": "SVP, Technology"
		},
		{
			"attributes": {
				"type": "Contact",
				"url": "/services/data/v48.0/sobjects/Contact/0031g00000faZ6fAAE"
			},
			"AccountId": "0011g00000jMVrHAAW",
			"AssistantName": "Ron Sage",
			"AssistantPhone": "(503) 421-6782",
			"Birthdate": "1936-12-29",
			"CleanStatus": "Pending",
			"Department": "Operations",
			"Description": null,
			"Email": "b.levy@expresslandt.net",
			"EmailBouncedDate": null,
			"EmailBouncedReason": null,
			"Fax": "(503) 421-7801",
			"FirstName": "Babara",
			"HomePhone": null,
			"Id": "0031g00000faZ6fAAE",
			"Jigsaw": null,
			"LastName": "Levy",
			"LeadSource": "Word of mouth",
			"MailingCity": null,
			"MailingCountry": null,
			"MailingGeocodeAccuracy": null,
			"MailingLatitude": null,
			"MailingLongitude": null,
			"MailingPostalCode": null,
			"MailingState": null,
			"MailingStreet": "620 SW 5th Avenue Suite 400\nPortland, Oregon 97204\nUnited States",
			"MobilePhone": "(503) 421-5451",
			"OtherCity": null,
			"OtherCountry": null,
			"OtherGeocodeAccuracy": null,
			"OtherLatitude": null,
			"OtherLongitude": null,
			"OtherPhone": null,
			"OtherPostalCode": null,
			"OtherState": null,
			"OtherStreet": null,
			"Phone": "(503) 421-7800",
			"Salutation": "Ms.",
			"Title": "SVP, Operations"
		},
		{
			"attributes": {
				"type": "Contact",
				"url": "/services/data/v48.0/sobjects/Contact/0031g00000faZ6gAAE"
			},
			"AccountId": "0011g00000jMVrHAAW",
			"AssistantName": null,
			"AssistantPhone": null,
			"Birthdate": "1948-04-24",
			"CleanStatus": "Pending",
			"Department": "Warehouse Mgmt",
			"Description": null,
			"Email": "j.davis@expresslandt.net",
			"EmailBouncedDate": null,
			"EmailBouncedReason": null,
			"Fax": "(503) 421-7801",
			"FirstName": "Josh",
			"HomePhone": null,
			"Id": "0031g00000faZ6gAAE",
			"Jigsaw": null,
			"LastName": "Davis",
			"LeadSource": "Word of mouth",
			"MailingCity": null,
			"MailingCountry": null,
			"MailingGeocodeAccuracy": null,
			"MailingLatitude": null,
			"MailingLongitude": null,
			"MailingPostalCode": null,
			"MailingState": null,
			"MailingStreet": "621 SW 5th Avenue Suite 400\nPortland, Oregon 97204\nUnited States",
			"MobilePhone": "(503) 421-4387",
			"OtherCity": null,
			"OtherCountry": null,
			"OtherGeocodeAccuracy": null,
			"OtherLatitude": null,
			"OtherLongitude": null,
			"OtherPhone": null,
			"OtherPostalCode": null,
			"OtherState": null,
			"OtherStreet": null,
			"Phone": "(503) 421-7800",
			"Salutation": "Mr.",
			"Title": "Director, Warehouse Mgmt"
		},
		{
			"attributes": {
				"type": "Contact",
				"url": "/services/data/v48.0/sobjects/Contact/0031g00000faZ6hAAE"
			},
			"AccountId": "0011g00000jMVrIAAW",
			"AssistantName": null,
			"AssistantPhone": null,
			"Birthdate": "1944-03-11",
			"CleanStatus": "Pending",
			"Department": "Administration",
			"Description": null,
			"Email": "jane_gray@uoa.edu",
			"EmailBouncedDate": null,
			"EmailBouncedReason": null,
			"Fax": "(520) 773-9060",
			"FirstName": "Jane",
			"HomePhone": null,
			"Id": "0031g00000faZ6hAAE",
			"Jigsaw": null,
			"LastName": "Grey",
			"LeadSource": "Word of mouth",
			"MailingCity": null,
			"MailingCountry": null,
			"MailingGeocodeAccuracy": null,
			"MailingLatitude": null,
			"MailingLongitude": null,
			"MailingPostalCode": null,
			"MailingState": null,
			"MailingStreet": "888 N Euclid \nHallis Center, Room 501\nTucson, AZ 85721\nUnited States",
			"MobilePhone": "(520) 773-4539",
			"OtherCity": null,
			"OtherCountry": null,
			"OtherGeocodeAccuracy": null,
			"OtherLatitude": null,
			"OtherLongitude": null,
			"OtherPhone": null,
			"OtherPostalCode": null,
			"OtherState": null,
			"OtherStreet": null,
			"Phone": "(520) 773-9050",
			"Salutation": "Ms.",
			"Title": "Dean of Administration"
		},
		{
			"attributes": {
				"type": "Contact",
				"url": "/services/data/v48.0/sobjects/Contact/0031g00000faZ6iAAE"
			},
			"AccountId": "0011g00000jMVrGAAW",
			"AssistantName": "Pat Feinstein",
			"AssistantPhone": "(212) 842-5464",
			"Birthdate": "1951-09-10",
			"CleanStatus": "Pending",
			"Department": "Executive Team",
			"Description": null,
			"Email": "asong@uog.com",
			"EmailBouncedDate": null,
			"EmailBouncedReason": null,
			"Fax": "(212) 842-5501",
			"FirstName": "Arthur",
			"HomePhone": null,
			"Id": "0031g00000faZ6iAAE",
			"Jigsaw": null,
			"LastName": "Song",
			"LeadSource": "Public Relations",
			"MailingCity": null,
			"MailingCountry": null,
			"MailingGeocodeAccuracy": null,
			"MailingLatitude": null,
			"MailingLongitude": null,
			"MailingPostalCode": null,
			"MailingState": null,
			"MailingStreet": "1301 Avenue of the Americas \nNew York, NY 10019\nUSA",
			"MobilePhone": "(212) 842-4535",
			"OtherCity": null,
			"OtherCountry": null,
			"OtherGeocodeAccuracy": null,
			"OtherLatitude": null,
			"OtherLongitude": null,
			"OtherPhone": null,
			"OtherPostalCode": null,
			"OtherState": null,
			"OtherStreet": null,
			"Phone": "(212) 842-5500",
			"Salutation": "Mr.",
			"Title": "CEO"
		},
		{
			"attributes": {
				"type": "Contact",
				"url": "/services/data/v48.0/sobjects/Contact/0031g00000faZ6jAAE"
			},
			"AccountId": "0011g00000jMVrJAAW",
			"AssistantName": null,
			"AssistantPhone": null,
			"Birthdate": "1946-05-20",
			"CleanStatus": "Pending",
			"Department": "Finance",
			"Description": null,
			"Email": "ajames@uog.com",
			"EmailBouncedDate": null,
			"EmailBouncedReason": null,
			"Fax": "+44 191 4956620",
			"FirstName": "Ashley",
			"HomePhone": null,
			"Id": "0031g00000faZ6jAAE",
			"Jigsaw": null,
			"LastName": "James",
			"LeadSource": "Public Relations",
			"MailingCity": null,
			"MailingCountry": null,
			"MailingGeocodeAccuracy": null,
			"MailingLatitude": null,
			"MailingLongitude": null,
			"MailingPostalCode": null,
			"MailingState": null,
			"MailingStreet": "Kings Park, 17th Avenue, Team Valley Trading Estate,\nGateshead, Tyne and Wear NE26 3HS\nUnited Kingdom",
			"MobilePhone": "+44 191 3456234",
			"OtherCity": null,
			"OtherCountry": null,
			"OtherGeocodeAccuracy": null,
			"OtherLatitude": null,
			"OtherLongitude": null,
			"OtherPhone": null,
			"OtherPostalCode": null,
			"OtherState": null,
			"OtherStreet": null,
			"Phone": "+44 191 4956203",
			"Salutation": "Ms.",
			"Title": "VP, Finance"
		},
		{
			"attributes": {
				"type": "Contact",
				"url": "/services/data/v48.0/sobjects/Contact/0031g00000faZ6kAAE"
			},
			"AccountId": "0011g00000jMVrKAAW",
			"AssistantName": null,
			"AssistantPhone": null,
			"Birthdate": "1950-07-17",
			"CleanStatus": "Pending",
			"Department": "Executive Team",
			"Description": null,
			"Email": "tripley@uog.com",
			"EmailBouncedDate": null,
			"EmailBouncedReason": null,
			"Fax": "(650) 450-8820",
			"FirstName": "Tom",
			"HomePhone": null,
			"Id": "0031g00000faZ6kAAE",
			"Jigsaw": null,
			"LastName": "Ripley",
			"LeadSource": "Public Relations",
			"MailingCity": null,
			"MailingCountry": null,
			"MailingGeocodeAccuracy": null,
			"MailingLatitude": null,
			"MailingLongitude": null,
			"MailingPostalCode": null,
			"MailingState": null,
			"MailingStreet": "9 Tagore Lane\nSingapore, Singapore 787472\nSingapore",
			"MobilePhone": "(650) 345-7636",
			"OtherCity": null,
			"OtherCountry": null,
			"OtherGeocodeAccuracy": null,
			"OtherLatitude": null,
			"OtherLongitude": null,
			"OtherPhone": null,
			"OtherPostalCode": null,
			"OtherState": null,
			"OtherStreet": null,
			"Phone": "(650) 450-8810",
			"Salutation": "Mr.",
			"Title": "Regional General Manager"
		},
		{
			"attributes": {
				"type": "Contact",
				"url": "/services/data/v48.0/sobjects/Contact/0031g00000faZ6lAAE"
			},
			"AccountId": "0011g00000jMVrKAAW",
			"AssistantName": null,
			"AssistantPhone": null,
			"Birthdate": "1961-10-27",
			"CleanStatus": "Pending",
			"Department": "Production",
			"Description": null,
			"Email": "ldcruz@uog.com",
			"EmailBouncedDate": null,
			"EmailBouncedReason": null,
			"Fax": "(650) 450-8820",
			"FirstName": "Liz",
			"HomePhone": null,
			"Id": "0031g00000faZ6lAAE",
			"Jigsaw": null,
			"LastName": "D'Cruz",
			"LeadSource": "Public Relations",
			"MailingCity": null,
			"MailingCountry": null,
			"MailingGeocodeAccuracy": null,
			"MailingLatitude": null,
			"MailingLongitude": null,
			"MailingPostalCode": null,
			"MailingState": null,
			"MailingStreet": "10 Tagore Lane\nSingapore, Singapore 787472\nSingapore",
			"MobilePhone": "(650) 345-6637",
			"OtherCity": null,
			"OtherCountry": null,
			"OtherGeocodeAccuracy": null,
			"OtherLatitude": null,
			"OtherLongitude": null,
			"OtherPhone": null,
			"OtherPostalCode": null,
			"OtherState": null,
			"OtherStreet": null,
			"Phone": "(650) 450-8810",
			"Salutation": "Ms.",
			"Title": "VP, Production"
		},
		{
			"attributes": {
				"type": "Contact",
				"url": "/services/data/v48.0/sobjects/Contact/0031g00000faZ6mAAE"
			},
			"AccountId": "0011g00000jMVrLAAW",
			"AssistantName": null,
			"AssistantPhone": null,
			"Birthdate": "1942-04-03",
			"CleanStatus": "Pending",
			"Department": "Technology",
			"Description": null,
			"Email": "efrank@genepoint.com",
			"EmailBouncedDate": null,
			"EmailBouncedReason": null,
			"Fax": "(650) 867-9895",
			"FirstName": "Edna",
			"HomePhone": null,
			"Id": "0031g00000faZ6mAAE",
			"Jigsaw": null,
			"LastName": "Frank",
			"LeadSource": "Partner",
			"MailingCity": null,
			"MailingCountry": null,
			"MailingGeocodeAccuracy": null,
			"MailingLatitude": null,
			"MailingLongitude": null,
			"MailingPostalCode": null,
			"MailingState": null,
			"MailingStreet": "345 Shoreline Park\nMountain View, CA 94043\nUSA",
			"MobilePhone": "(650) 867-7686",
			"OtherCity": null,
			"OtherCountry": null,
			"OtherGeocodeAccuracy": null,
			"OtherLatitude": null,
			"OtherLongitude": null,
			"OtherPhone": null,
			"OtherPostalCode": null,
			"OtherState": null,
			"OtherStreet": null,
			"Phone": "(650) 867-3450",
			"Salutation": "Ms.",
			"Title": "VP, Technology"
		},
		{
			"attributes": {
				"type": "Contact",
				"url": "/services/data/v48.0/sobjects/Contact/0031g00000faZ6nAAE"
			},
			"AccountId": "0011g00000jMVrGAAW",
			"AssistantName": "Chris Nobel",
			"AssistantPhone": "(212) 842-5428",
			"Birthdate": "1933-08-21",
			"CleanStatus": "Pending",
			"Department": "Finance",
			"Description": null,
			"Email": "agreen@uog.com",
			"EmailBouncedDate": null,
			"EmailBouncedReason": null,
			"Fax": "(212) 842-5501",
			"FirstName": "Avi",
			"HomePhone": null,
			"Id": "0031g00000faZ6nAAE",
			"Jigsaw": null,
			"LastName": "Green",
			"LeadSource": "Public Relations",
			"MailingCity": null,
			"MailingCountry": null,
			"MailingGeocodeAccuracy": null,
			"MailingLatitude": null,
			"MailingLongitude": null,
			"MailingPostalCode": null,
			"MailingState": null,
			"MailingStreet": "1302 Avenue of the Americas \nNew York, NY 10019\nUSA",
			"MobilePhone": "(212) 842-2383",
			"OtherCity": null,
			"OtherCountry": null,
			"OtherGeocodeAccuracy": null,
			"OtherLatitude": null,
			"OtherLongitude": null,
			"OtherPhone": null,
			"OtherPostalCode": null,
			"OtherState": null,
			"OtherStreet": null,
			"Phone": "(212) 842-5500",
			"Salutation": "Mr.",
			"Title": "CFO"
		},
		{
			"attributes": {
				"type": "Contact",
				"url": "/services/data/v48.0/sobjects/Contact/0031g00000faZ6oAAE"
			},
			"AccountId": "0011g00000jMVrMAAW",
			"AssistantName": null,
			"AssistantPhone": null,
			"Birthdate": null,
			"CleanStatus": "Pending",
			"Department": null,
			"Description": null,
			"Email": null,
			"EmailBouncedDate": null,
			"EmailBouncedReason": null,
			"Fax": null,
			"FirstName": "Siddartha",
			"HomePhone": null,
			"Id": "0031g00000faZ6oAAE",
			"Jigsaw": null,
			"LastName": "Nedaerk",
			"LeadSource": null,
			"MailingCity": "San Francisco",
			"MailingCountry": "US",
			"MailingGeocodeAccuracy": null,
			"MailingLatitude": null,
			"MailingLongitude": null,
			"MailingPostalCode": "94087",
			"MailingState": "CA",
			"MailingStreet": "The Landmark @ One Market",
			"MobilePhone": null,
			"OtherCity": null,
			"OtherCountry": null,
			"OtherGeocodeAccuracy": null,
			"OtherLatitude": null,
			"OtherLongitude": null,
			"OtherPhone": null,
			"OtherPostalCode": null,
			"OtherState": null,
			"OtherStreet": null,
			"Phone": null,
			"Salutation": "Ms.",
			"Title": null
		},
		{
			"attributes": {
				"type": "Contact",
				"url": "/services/data/v48.0/sobjects/Contact/0031g00000faZ6pAAE"
			},
			"AccountId": "0011g00000jMVrMAAW",
			"AssistantName": null,
			"AssistantPhone": null,
			"Birthdate": null,
			"CleanStatus": "Pending",
			"Department": null,
			"Description": null,
			"Email": null,
			"EmailBouncedDate": null,
			"EmailBouncedReason": null,
			"Fax": null,
			"FirstName": "Jake",
			"HomePhone": null,
			"Id": "0031g00000faZ6pAAE",
			"Jigsaw": null,
			"LastName": "Llorrac",
			"LeadSource": null,
			"MailingCity": null,
			"MailingCountry": null,
			"MailingGeocodeAccuracy": null,
			"MailingLatitude": null,
			"MailingLongitude": null,
			"MailingPostalCode": null,
			"MailingState": null,
			"MailingStreet": null,
			"MobilePhone": null,
			"OtherCity": null,
			"OtherCountry": null,
			"OtherGeocodeAccuracy": null,
			"OtherLatitude": null,
			"OtherLongitude": null,
			"OtherPhone": null,
			"OtherPostalCode": null,
			"OtherState": null,
			"OtherStreet": null,
			"Phone": null,
			"Salutation": "Mr.",
			"Title": null
		}
	],
	"total": 20
}
