{
	"fetched": 22,
	"records": [
		{
			"attributes": {
				"type": "Lead",
				"url": "/services/data/v48.0/sobjects/Lead/00Q1g000004Glb8EAC"
			},
			"AnnualRevenue": 900750000,
			"City": "Tallahassee",
			"CleanStatus": "Pending",
			"Company": "Farmers Coop. of Florida",
			"CompanyDunsNumber": null,
			"Country": "USA",
			"Description": null,
			"Email": "bertha@fcof.net",
			"Fax": "(850) 644-4300",
			"FirstName": "Bertha",
			"GeocodeAccuracy": null,
			"Id": "00Q1g000004Glb8EAC",
			"Industry": "Agriculture",
			"IsConverted": false,
			"IsUnreadByOwner": true,
			"Jigsaw": null,
			"LastName": "Boxer",
			"Latitude": null,
			"LeadSource": "Web",
			"Longitude": null,
			"MobilePhone": null,
			"NumberOfEmployees": null,
			"Phone": "(850) 644-4200",
			"PostalCode": "32306",
			"Rating": "Hot",
			"Salutation": "Ms.",
			"State": "FL",
			"Status": "Working - Contacted",
			"Street": "321 Westcott Building",
			"Title": "Director of Vendor Relations",
			"Website": null
		},
		{
			"attributes": {
				"type": "Lead",
				"url": "/services/data/v48.0/sobjects/Lead/00Q1g000004Glb9EAC"
			},
			"AnnualRevenue": null,
			"City": null,
			"CleanStatus": "Pending",
			"Company": "Abbott Insurance",
			"CompanyDunsNumber": null,
			"Country": "USA",
			"Description": null,
			"Email": "pcotton@abbottins.net",
			"Fax": null,
			"FirstName": "Phyllis",
			"GeocodeAccuracy": null,
			"Id": "00Q1g000004Glb9EAC",
			"Industry": null,
			"IsConverted": false,
			"IsUnreadByOwner": true,
			"Jigsaw": null,
			"LastName": "Cotton",
			"Latitude": null,
			"LeadSource": "Web",
			"Longitude": null,
			"MobilePhone": null,
			"NumberOfEmployees": null,
			"Phone": "(703) 757-1000",
			"PostalCode": null,
			"Rating": null,
			"Salutation": "Ms",
			"State": "VA",
			"Status": "Open - Not Contacted",
			"Street": null,
			"Title": "CFO",
			"Website": null
		},
		{
			"attributes": {
				"type": "Lead",
				"url": "/services/data/v48.0/sobjects/Lead/00Q1g000004GlbAEAS"
			},
			"AnnualRevenue": null,
			"City": null,
			"CleanStatus": "Pending",
			"Company": "Jackson Controls",
			"CompanyDunsNumber": null,
			"Country": "Taiwan",
			"Description": null,
			"Email": "jeffg@jackson.com",
			"Fax": null,
			"FirstName": "Jeff",
			"GeocodeAccuracy": null,
			"Id": "00Q1g000004GlbAEAS",
			"Industry": null,
			"IsConverted": false,
			"IsUnreadByOwner": true,
			"Jigsaw": null,
			"LastName": "Glimpse",
			"Latitude": null,
			"LeadSource": "Phone Inquiry",
			"Longitude": null,
			"MobilePhone": null,
			"NumberOfEmployees": null,
			"Phone": "886-2-25474189",
			"PostalCode": null,
			"Rating": null,
			"Salutation": "Mr",
			"State": null,
			"Status": "Open - Not Contacted",
			"Street": null,
			"Title": "SVP, Procurement",
			"Website": null
		},
		{
			"attributes": {
				"type": "Lead",
				"url": "/services/data/v48.0/sobjects/Lead/00Q1g000004GlbBEAS"
			},
			"AnnualRevenue": null,
			"City": null,
			"CleanStatus": "Pending",
			"Company": "Metropolitan Health Services",
			"CompanyDunsNumber": null,
			"Country": "USA",
			"Description": null,
			"Email": "likeb@metro.com",
			"Fax": null,
			"FirstName": "Mike",
			"GeocodeAccuracy": null,
			"Id": "00Q1g000004GlbBEAS",
			"Industry": null,
			"IsConverted": false,
			"IsUnreadByOwner": true,
			"Jigsaw": null,
			"LastName": "Braund",
			"Latitude": null,
			"LeadSource": "Purchased List",
			"Longitude": null,
			"MobilePhone": null,
			"NumberOfEmployees": null,
			"Phone": "(410) 381-2334",
			"PostalCode": null,
			"Rating": null,
			"Salutation": "Mr",
			"State": "MD",
			"Status": "Open - Not Contacted",
			"Street": null,
			"Title": "VP, Technology",
			"Website": null
		},
		{
			"attributes": {
				"type": "Lead",
				"url": "/services/data/v48.0/sobjects/Lead/00Q1g000004GlbCEAS"
			},
			"AnnualRevenue": null,
			"City": null,
			"CleanStatus": "Pending",
			"Company": "International Shipping Co.",
			"CompanyDunsNumber": null,
			"Country": "USA",
			"Description": null,
			"Email": "patricia_feager@is.com",
			"Fax": null,
			"FirstName": "Patricia",
			"GeocodeAccuracy": null,
			"Id": "00Q1g000004GlbCEAS",
			"Industry": null,
			"IsConverted": false,
			"IsUnreadByOwner": true,
			"Jigsaw": null,
			"LastName": "Feager",
			"Latitude": null,
			"LeadSource": "Partner Referral",
			"Longitude": null,
			"MobilePhone": null,
			"NumberOfEmployees": null,
			"Phone": "(336) 777-1970",
			"PostalCode": null,
			"Rating": null,
			"Salutation": "Ms",
			"State": "NC",
			"Status": "Working - Contacted",
			"Street": null,
			"Title": "CEO",
			"Website": null
		},
		{
			"attributes": {
				"type": "Lead",
				"url": "/services/data/v48.0/sobjects/Lead/00Q1g000004GlbDEAS"
			},
			"AnnualRevenue": null,
			"City": null,
			"CleanStatus": "Pending",
			"Company": "Cadinal Inc.",
			"CompanyDunsNumber": null,
			"Country": "USA",
			"Description": null,
			"Email": "brenda@cardinal.net",
			"Fax": null,
			"FirstName": "Brenda",
			"GeocodeAccuracy": null,
			"Id": "00Q1g000004GlbDEAS",
			"Industry": null,
			"IsConverted": false,
			"IsUnreadByOwner": true,
			"Jigsaw": null,
			"LastName": "Mcclure",
			"Latitude": null,
			"LeadSource": "Web",
			"Longitude": null,
			"MobilePhone": null,
			"NumberOfEmployees": null,
			"Phone": "(847) 262-5000",
			"PostalCode": null,
			"Rating": null,
			"Salutation": "Ms",
			"State": "IL",
			"Status": "Working - Contacted",
			"Street": null,
			"Title": "CFO",
			"Website": null
		},
		{
			"attributes": {
				"type": "Lead",
				"url": "/services/data/v48.0/sobjects/Lead/00Q1g000004GlbEEAS"
			},
			"AnnualRevenue": null,
			"City": null,
			"CleanStatus": "Pending",
			"Company": "Emerson Transport",
			"CompanyDunsNumber": null,
			"Country": "USA",
			"Description": null,
			"Email": "violetm@emersontransport.com",
			"Fax": null,
			"FirstName": "Violet",
			"GeocodeAccuracy": null,
			"Id": "00Q1g000004GlbEEAS",
			"Industry": null,
			"IsConverted": false,
			"IsUnreadByOwner": true,
			"Jigsaw": null,
			"LastName": "Maccleod",
			"Latitude": null,
			"LeadSource": "Phone Inquiry",
			"Longitude": null,
			"MobilePhone": null,
			"NumberOfEmployees": null,
			"Phone": "(770) 395-2370",
			"PostalCode": null,
			"Rating": null,
			"Salutation": "Ms",
			"State": "GA",
			"Status": "Working - Contacted",
			"Street": null,
			"Title": "VP, Finance",
			"Website": null
		},
		{
			"attributes": {
				"type": "Lead",
				"url": "/services/data/v48.0/sobjects/Lead/00Q1g000004GlbFEAS"
			},
			"AnnualRevenue": null,
			"City": null,
			"CleanStatus": "Pending",
			"Company": "TNR Corp.",
			"CompanyDunsNumber": null,
			"Country": "USA",
			"Description": null,
			"Email": "ksynder@tnr.net",
			"Fax": null,
			"FirstName": "Kathy",
			"GeocodeAccuracy": null,
			"Id": "00Q1g000004GlbFEAS",
			"Industry": null,
			"IsConverted": false,
			"IsUnreadByOwner": true,
			"Jigsaw": null,
			"LastName": "Snyder",
			"Latitude": null,
			"LeadSource": "Purchased List",
			"Longitude": null,
			"MobilePhone": null,
			"NumberOfEmployees": null,
			"Phone": "(860) 273-0123",
			"PostalCode": null,
			"Rating": null,
			"Salutation": "Ms",
			"State": "CT",
			"Status": "Working - Contacted",
			"Street": null,
			"Title": "Regional General Manager",
			"Website": null
		},
		{
			"attributes": {
				"type": "Lead",
				"url": "/services/data/v48.0/sobjects/Lead/00Q1g000004GlbGEAS"
			},
			"AnnualRevenue": null,
			"City": null,
			"CleanStatus": "Pending",
			"Company": "Delphi Chemicals",
			"CompanyDunsNumber": null,
			"Country": "USA",
			"Description": null,
			"Email": "tom.james@delphi.chemicals.com",
			"Fax": null,
			"FirstName": "Tom",
			"GeocodeAccuracy": null,
			"Id": "00Q1g000004GlbGEAS",
			"Industry": null,
			"IsConverted": false,
			"IsUnreadByOwner": true,
			"Jigsaw": null,
			"LastName": "James",
			"Latitude": null,
			"LeadSource": "Web",
			"Longitude": null,
			"MobilePhone": null,
			"NumberOfEmployees": null,
			"Phone": "(952) 346-3500",
			"PostalCode": null,
			"Rating": null,
			"Salutation": "Mr",
			"State": "MN",
			"Status": "Working - Contacted",
			"Street": null,
			"Title": "SVP, Production",
			"Website": null
		},
		{
			"attributes": {
				"type": "Lead",
				"url": "/services/data/v48.0/sobjects/Lead/00Q1g000004GlbHEAS"
			},
			"AnnualRevenue": null,
			"City": null,
			"CleanStatus": "Pending",
			"Company": "Western Telecommunications Corp.",
			"CompanyDunsNumber": null,
			"Country": "USA",
			"Description": null,
			"Email": "shellyb@westerntelecom.com",
			"Fax": null,
			"FirstName": "Shelly",
			"GeocodeAccuracy": null,
			"Id": "00Q1g000004GlbHEAS",
			"Industry": null,
			"IsConverted": false,
			"IsUnreadByOwner": true,
			"Jigsaw": null,
			"LastName": "Brownell",
			"Latitude": null,
			"LeadSource": "Partner Referral",
			"Longitude": null,
			"MobilePhone": null,
			"NumberOfEmployees": null,
			"Phone": "(408) 326-9000",
			"PostalCode": null,
			"Rating": null,
			"Salutation": "Ms",
			"State": "CA",
			"Status": "Working - Contacted",
			"Street": null,
			"Title": "SVP, Technology",
			"Website": null
		},
		{
			"attributes": {
				"type": "Lead",
				"url": "/services/data/v48.0/sobjects/Lead/00Q1g000004GlbIEAS"
			},
			"AnnualRevenue": null,
			"City": null,
			"CleanStatus": "Pending",
			"Company": "Hendrickson Trading",
			"CompanyDunsNumber": null,
			"Country": "USA",
			"Description": null,
			"Email": "pam_owenby@hendricksontrading.com",
			"Fax": null,
			"FirstName": "Pamela",
			"GeocodeAccuracy": null,
			"Id": "00Q1g000004GlbIEAS",
			"Industry": null,
			"IsConverted": false,
			"IsUnreadByOwner": true,
			"Jigsaw": null,
			"LastName": "Owenby",
			"Latitude": null,
			"LeadSource": "Partner Referral",
			"Longitude": null,
			"MobilePhone": null,
			"NumberOfEmployees": null,
			"Phone": "(570) 326-1571",
			"PostalCode": null,
			"Rating": null,
			"Salutation": "Ms",
			"State": "PA",
			"Status": "Closed - Not Converted",
			"Street": null,
			"Title": "SVP, Technology",
			"Website": null
		},
		{
			"attributes": {
				"type": "Lead",
				"url": "/services/data/v48.0/sobjects/Lead/00Q1g000004GlbJEAS"
			},
			"AnnualRevenue": null,
			"City": null,
			"CleanStatus": "Pending",
			"Company": "Greenwich Media",
			"CompanyDunsNumber": null,
			"Country": "USA",
			"Description": null,
			"Email": "norm_may@greenwich.net",
			"Fax": null,
			"FirstName": "Norm",
			"GeocodeAccuracy": null,
			"Id": "00Q1g000004GlbJEAS",
			"Industry": null,
			"IsConverted": false,
			"IsUnreadByOwner": true,
			"Jigsaw": null,
			"LastName": "May",
			"Latitude": null,
			"LeadSource": "Web",
			"Longitude": null,
			"MobilePhone": null,
			"NumberOfEmployees": null,
			"Phone": "(419) 289-3555",
			"PostalCode": null,
			"Rating": null,
			"Salutation": "Mr",
			"State": "OH",
			"Status": "Working - Contacted",
			"Street": null,
			"Title": "VP, Facilities",
			"Website": null
		},
		{
			"attributes": {
				"type": "Lead",
				"url": "/services/data/v48.0/sobjects/Lead/00Q1g000004GlbKEAS"
			},
			"AnnualRevenue": null,
			"City": null,
			"CleanStatus": "Pending",
			"Company": "Pyramid Construction Inc.",
			"CompanyDunsNumber": null,
			"Country": "France",
			"Description": null,
			"Email": "pat@pyramid.net",
			"Fax": null,
			"FirstName": "Pat",
			"GeocodeAccuracy": null,
			"Id": "00Q1g000004GlbKEAS",
			"Industry": null,
			"IsConverted": false,
			"IsUnreadByOwner": true,
			"Jigsaw": null,
			"LastName": "Stumuller",
			"Latitude": null,
			"LeadSource": "Phone Inquiry",
			"Longitude": null,
			"MobilePhone": null,
			"NumberOfEmployees": null,
			"Phone": "33562156600",
			"PostalCode": null,
			"Rating": null,
			"Salutation": "Ms",
			"State": null,
			"Status": "Closed - Converted",
			"Street": null,
			"Title": "SVP, Administration and Finance",
			"Website": null
		},
		{
			"attributes": {
				"type": "Lead",
				"url": "/services/data/v48.0/sobjects/Lead/00Q1g000004GlbLEAS"
			},
			"AnnualRevenue": null,
			"City": null,
			"CleanStatus": "Pending",
			"Company": "Dickenson plc",
			"CompanyDunsNumber": null,
			"Country": "USA",
			"Description": null,
			"Email": "a_young@dickenson.com",
			"Fax": null,
			"FirstName": "Andy",
			"GeocodeAccuracy": null,
			"Id": "00Q1g000004GlbLEAS",
			"Industry": null,
			"IsConverted": false,
			"IsUnreadByOwner": true,
			"Jigsaw": null,
			"LastName": "Young",
			"Latitude": null,
			"LeadSource": "Purchased List",
			"Longitude": null,
			"MobilePhone": null,
			"NumberOfEmployees": null,
			"Phone": "(620) 241-6200",
			"PostalCode": null,
			"Rating": null,
			"Salutation": "Mr",
			"State": "KS",
			"Status": "Closed - Converted",
			"Street": null,
			"Title": "SVP, Operations",
			"Website": null
		},
		{
			"attributes": {
				"type": "Lead",
				"url": "/services/data/v48.0/sobjects/Lead/00Q1g000004GlbMEAS"
			},
			"AnnualRevenue": null,
			"City": null,
			"CleanStatus": "Pending",
			"Company": "Aethna Home Products",
			"CompanyDunsNumber": null,
			"Country": "USA",
			"Description": null,
			"Email": "kakin@athenahome.com",
			"Fax": null,
			"FirstName": "Kristen",
			"GeocodeAccuracy": null,
			"Id": "00Q1g000004GlbMEAS",
			"Industry": null,
			"IsConverted": false,
			"IsUnreadByOwner": true,
			"Jigsaw": null,
			"LastName": "Akin",
			"Latitude": null,
			"LeadSource": "Partner Referral",
			"Longitude": null,
			"MobilePhone": null,
			"NumberOfEmployees": null,
			"Phone": "(434) 369-3100",
			"PostalCode": null,
			"Rating": null,
			"Salutation": "Ms",
			"State": "VA",
			"Status": "Working - Contacted",
			"Street": null,
			"Title": "Director, Warehouse Mgmt",
			"Website": null
		},
		{
			"attributes": {
				"type": "Lead",
				"url": "/services/data/v48.0/sobjects/Lead/00Q1g000004GlbNEAS"
			},
			"AnnualRevenue": null,
			"City": null,
			"CleanStatus": "Pending",
			"Company": "Blues Entertainment Corp.",
			"CompanyDunsNumber": null,
			"Country": "Japan",
			"Description": null,
			"Email": "david@blues.com",
			"Fax": null,
			"FirstName": "David",
			"GeocodeAccuracy": null,
			"Id": "00Q1g000004GlbNEAS",
			"Industry": null,
			"IsConverted": false,
			"IsUnreadByOwner": true,
			"Jigsaw": null,
			"LastName": "Monaco",
			"Latitude": null,
			"LeadSource": "Purchased List",
			"Longitude": null,
			"MobilePhone": null,
			"NumberOfEmployees": null,
			"Phone": "(033) 452-1299",
			"PostalCode": null,
			"Rating": null,
			"Salutation": "Mr",
			"State": null,
			"Status": "Working - Contacted",
			"Street": null,
			"Title": "CFO",
			"Website": null
		},
		{
			"attributes": {
				"type": "Lead",
				"url": "/services/data/v48.0/sobjects/Lead/00Q1g000004GlbOEAS"
			},
			"AnnualRevenue": null,
			"City": null,
			"CleanStatus": "Pending",
			"Company": "Ace Iron and Steel Inc.",
			"CompanyDunsNumber": null,
			"Country": "USA",
			"Description": null,
			"Email": "carolync@aceis.com",
			"Fax": null,
			"FirstName": "Carolyn",
			"GeocodeAccuracy": null,
			"Id": "00Q1g000004GlbOEAS",
			"Industry": null,
			"IsConverted": false,
			"IsUnreadByOwner": true,
			"Jigsaw": null,
			"LastName": "Crenshaw",
			"Latitude": null,
			"LeadSource": "Phone Inquiry",
			"Longitude": null,
			"MobilePhone": null,
			"NumberOfEmployees": null,
			"Phone": "(251) 679-2200",
			"PostalCode": null,
			"Rating": null,
			"Salutation": "Ms",
			"State": "AL",
			"Status": "Closed - Not Converted",
			"Street": null,
			"Title": "VP, Technology",
			"Website": null
		},
		{
			"attributes": {
				"type": "Lead",
				"url": "/services/data/v48.0/sobjects/Lead/00Q1g000004GlbPEAS"
			},
			"AnnualRevenue": 350000000,
			"City": "Burlington",
			"CleanStatus": "Pending",
			"Company": "Burlington Textiles Corp of America",
			"CompanyDunsNumber": null,
			"Country": "USA",
			"Description": null,
			"Email": "jrogers@btca.com",
			"Fax": "(336) 222-8000",
			"FirstName": "Jack",
			"GeocodeAccuracy": null,
			"Id": "00Q1g000004GlbPEAS",
			"Industry": "Apparel",
			"IsConverted": false,
			"IsUnreadByOwner": true,
			"Jigsaw": null,
			"LastName": "Rogers",
			"Latitude": null,
			"LeadSource": "Web",
			"Longitude": null,
			"MobilePhone": null,
			"NumberOfEmployees": 9000,
			"Phone": "(336) 222-7000",
			"PostalCode": "27215",
			"Rating": "Warm",
			"Salutation": "Mr.",
			"State": "NC",
			"Status": "Closed - Converted",
			"Street": "525 S. Lexington Ave",
			"Title": "VP, Facilities",
			"Website": null
		},
		{
			"attributes": {
				"type": "Lead",
				"url": "/services/data/v48.0/sobjects/Lead/00Q1g000004GlbQEAS"
			},
			"AnnualRevenue": null,
			"City": null,
			"CleanStatus": "Pending",
			"Company": "Zenith Industrial Partners",
			"CompanyDunsNumber": null,
			"Country": "USA",
			"Description": null,
			"Email": "bill_dadio@zenith.com",
			"Fax": null,
			"FirstName": "Bill",
			"GeocodeAccuracy": null,
			"Id": "00Q1g000004GlbQEAS",
			"Industry": null,
			"IsConverted": false,
			"IsUnreadByOwner": true,
			"Jigsaw": null,
			"LastName": "Dadio Jr",
			"Latitude": null,
			"LeadSource": "Web",
			"Longitude": null,
			"MobilePhone": null,
			"NumberOfEmployees": null,
			"Phone": "(614) 431-5000",
			"PostalCode": null,
			"Rating": null,
			"Salutation": "Mr",
			"State": "OH",
			"Status": "Closed - Not Converted",
			"Street": null,
			"Title": "CFO",
			"Website": null
		},
		{
			"attributes": {
				"type": "Lead",
				"url": "/services/data/v48.0/sobjects/Lead/00Q1g000004GlbREAS"
			},
			"AnnualRevenue": null,
			"City": null,
			"CleanStatus": "Pending",
			"Company": "Pacific Retail Group",
			"CompanyDunsNumber": null,
			"Country": "USA",
			"Description": null,
			"Email": "eluce@pacificretail.com",
			"Fax": null,
			"FirstName": "Eugena",
			"GeocodeAccuracy": null,
			"Id": "00Q1g000004GlbREAS",
			"Industry": null,
			"IsConverted": false,
			"IsUnreadByOwner": true,
			"Jigsaw": null,
			"LastName": "Luce",
			"Latitude": null,
			"LeadSource": "Purchased List",
			"Longitude": null,
			"MobilePhone": null,
			"NumberOfEmployees": null,
			"Phone": "(781) 270-6500",
			"PostalCode": null,
			"Rating": null,
			"Salutation": "Ms",
			"State": "MA",
			"Status": "Closed - Not Converted",
			"Street": null,
			"Title": "CEO",
			"Website": null
		},
		{
			"attributes": {
				"type": "Lead",
				"url": "/services/data/v48.0/sobjects/Lead/00Q1g000004GlbSEAS"
			},
			"AnnualRevenue": null,
			"City": null,
			"CleanStatus": "Pending",
			"Company": "Highland Manufacturing Ltd.",
			"CompanyDunsNumber": null,
			"Country": "USA",
			"Description": null,
			"Email": "sandra_e@highland.net",
			"Fax": null,
			"FirstName": "Sandra",
			"GeocodeAccuracy": null,
			"Id": "00Q1g000004GlbSEAS",
			"Industry": null,
			"IsConverted": false,
			"IsUnreadByOwner": true,
			"Jigsaw": null,
			"LastName": "Eberhard",
			"Latitude": null,
			"LeadSource": "Purchased List",
			"Longitude": null,
			"MobilePhone": null,
			"NumberOfEmployees": null,
			"Phone": "(626) 440-0700",
			"PostalCode": null,
			"Rating": null,
			"Salutation": "Ms",
			"State": "CA",
			"Status": "Working - Contacted",
			"Street": null,
			"Title": "VP, Production",
			"Website": null
		},
		{
			"attributes": {
				"type": "Lead",
				"url": "/services/data/v48.0/sobjects/Lead/00Q1g000004GlbTEAS"
			},
			"AnnualRevenue": null,
			"City": null,
			"CleanStatus": "Pending",
			"Company": "American Banking Corp.",
			"CompanyDunsNumber": null,
			"Country": "USA",
			"Description": null,
			"Email": "bblair@abankingco.com",
			"Fax": null,
			"FirstName": "Betty",
			"GeocodeAccuracy": null,
			"Id": "00Q1g000004GlbTEAS",
			"Industry": null,
			"IsConverted": false,
			"IsUnreadByOwner": true,
			"Jigsaw": null,
			"LastName": "Bair",
			"Latitude": null,
			"LeadSource": "Purchased List",
			"Longitude": null,
			"MobilePhone": null,
			"NumberOfEmployees": null,
			"Phone": "(610) 265-9100",
			"PostalCode": null,
			"Rating": null,
			"Salutation": "Ms",
			"State": "PA",
			"Status": "Working - Contacted",
			"Street": null,
			"Title": "VP, Administration",
			"Website": null
		}
	],
	"total": 22
}