{
	"fetched": 31,
	"records": [
		{
			"attributes": {
				"type": "Opportunity",
				"url": "/services/data/v48.0/sobjects/Opportunity/0061g000007m16vAAA"
			},
			"AccountId": "0011g00000jMVrEAAW",
			"Amount": 15000,
			"CampaignId": null,
			"CloseDate": "2019-12-19",
			"ContactId": null,
			"Description": null,
			"ForecastCategoryName": "Pipeline",
			"Id": "0061g000007m16vAAA",
			"IsPrivate": false,
			"LeadSource": "Purchased List",
			"Name": "Dickenson Mobile Generators",
			"NextStep": null,
			"Probability": 10,
			"StageName": "Qualification",
			"TotalOpportunityQuantity": null,
			"Type": "New Customer"
		},
		{
			"attributes": {
				"type": "Opportunity",
				"url": "/services/data/v48.0/sobjects/Opportunity/0061g000007m16wAAA"
			},
			"AccountId": "0011g00000jMVrGAAW",
			"Amount": 125000,
			"CampaignId": null,
			"CloseDate": "2019-12-07",
			"ContactId": null,
			"Description": null,
			"ForecastCategoryName": "Pipeline",
			"Id": "0061g000007m16wAAA",
			"IsPrivate": false,
			"LeadSource": null,
			"Name": "United Oil Office Portable Generators",
			"NextStep": null,
			"Probability": 90,
			"StageName": "Negotiation/Review",
			"TotalOpportunityQuantity": null,
			"Type": "Existing Customer - Upgrade"
		},
		{
			"attributes": {
				"type": "Opportunity",
				"url": "/services/data/v48.0/sobjects/Opportunity/0061g000007m16xAAA"
			},
			"AccountId": "0011g00000jMVrHAAW",
			"Amount": 220000,
			"CampaignId": null,
			"CloseDate": "2019-11-02",
			"ContactId": null,
			"Description": null,
			"ForecastCategoryName": "Closed",
			"Id": "0061g000007m16xAAA",
			"IsPrivate": false,
			"LeadSource": "Trade Show",
			"Name": "Express Logistics Standby Generator",
			"NextStep": null,
			"Probability": 100,
			"StageName": "Closed Won",
			"TotalOpportunityQuantity": null,
			"Type": "New Customer"
		},
		{
			"attributes": {
				"type": "Opportunity",
				"url": "/services/data/v48.0/sobjects/Opportunity/0061g000007m16yAAA"
			},
			"AccountId": "0011g00000jMVrLAAW",
			"Amount": 85000,
			"CampaignId": null,
			"CloseDate": "2019-12-10",
			"ContactId": null,
			"Description": null,
			"ForecastCategoryName": "Closed",
			"Id": "0061g000007m16yAAA",
			"IsPrivate": false,
			"LeadSource": "Partner",
			"Name": "GenePoint Standby Generator",
			"NextStep": null,
			"Probability": 100,
			"StageName": "Closed Won",
			"TotalOpportunityQuantity": null,
			"Type": "New Customer"
		},
		{
			"attributes": {
				"type": "Opportunity",
				"url": "/services/data/v48.0/sobjects/Opportunity/0061g000007m16zAAA"
			},
			"AccountId": "0011g00000jMVrFAAW",
			"Amount": 15000,
			"CampaignId": null,
			"CloseDate": "2019-10-28",
			"ContactId": null,
			"Description": null,
			"ForecastCategoryName": "Pipeline",
			"Id": "0061g000007m16zAAA",
			"IsPrivate": false,
			"LeadSource": null,
			"Name": "Grand Hotels Kitchen Generator",
			"NextStep": null,
			"Probability": 60,
			"StageName": "Id. Decision Makers",
			"TotalOpportunityQuantity": null,
			"Type": "Existing Customer - Upgrade"
		},
		{
			"attributes": {
				"type": "Opportunity",
				"url": "/services/data/v48.0/sobjects/Opportunity/0061g000007m170AAA"
			},
			"AccountId": "0011g00000jMVrGAAW",
			"Amount": 270000,
			"CampaignId": null,
			"CloseDate": "2020-01-21",
			"ContactId": null,
			"Description": null,
			"ForecastCategoryName": "Pipeline",
			"Id": "0061g000007m170AAA",
			"IsPrivate": false,
			"LeadSource": null,
			"Name": "United Oil Refinery Generators",
			"NextStep": null,
			"Probability": 75,
			"StageName": "Proposal/Price Quote",
			"TotalOpportunityQuantity": null,
			"Type": "Existing Customer - Upgrade"
		},
		{
			"attributes": {
				"type": "Opportunity",
				"url": "/services/data/v48.0/sobjects/Opportunity/0061g000007m171AAA"
			},
			"AccountId": "0011g00000jMVrGAAW",
			"Amount": 120000,
			"CampaignId": null,
			"CloseDate": "2020-01-28",
			"ContactId": null,
			"Description": null,
			"ForecastCategoryName": "Closed",
			"Id": "0061g000007m171AAA",
			"IsPrivate": false,
			"LeadSource": "Partner",
			"Name": "United Oil SLA",
			"NextStep": null,
			"Probability": 100,
			"StageName": "Closed Won",
			"TotalOpportunityQuantity": null,
			"Type": "Existing Customer - Upgrade"
		},
		{
			"attributes": {
				"type": "Opportunity",
				"url": "/services/data/v48.0/sobjects/Opportunity/0061g000007m172AAA"
			},
			"AccountId": "0011g00000jMVrFAAW",
			"Amount": 250000,
			"CampaignId": null,
			"CloseDate": "2020-02-05",
			"ContactId": null,
			"Description": null,
			"ForecastCategoryName": "Pipeline",
			"Id": "0061g000007m172AAA",
			"IsPrivate": false,
			"LeadSource": "Employee Referral",
			"Name": "Grand Hotels Guest Portable Generators",
			"NextStep": null,
			"Probability": 50,
			"StageName": "Value Proposition",
			"TotalOpportunityQuantity": null,
			"Type": "Existing Customer - Upgrade"
		},
		{
			"attributes": {
				"type": "Opportunity",
				"url": "/services/data/v48.0/sobjects/Opportunity/0061g000007m173AAA"
			},
			"AccountId": "0011g00000jMVrBAAW",
			"Amount": 75000,
			"CampaignId": null,
			"CloseDate": "2020-02-05",
			"ContactId": null,
			"Description": null,
			"ForecastCategoryName": "Closed",
			"Id": "0061g000007m173AAA",
			"IsPrivate": false,
			"LeadSource": "Word of mouth",
			"Name": "Edge Emergency Generator",
			"NextStep": null,
			"Probability": 100,
			"StageName": "Closed Won",
			"TotalOpportunityQuantity": null,
			"Type": "New Customer"
		},
		{
			"attributes": {
				"type": "Opportunity",
				"url": "/services/data/v48.0/sobjects/Opportunity/0061g000007m174AAA"
			},
			"AccountId": "0011g00000jMVrIAAW",
			"Amount": 50000,
			"CampaignId": null,
			"CloseDate": "2019-11-06",
			"ContactId": null,
			"Description": null,
			"ForecastCategoryName": "Closed",
			"Id": "0061g000007m174AAA",
			"IsPrivate": false,
			"LeadSource": "Public Relations",
			"Name": "University of AZ Portable Generators",
			"NextStep": null,
			"Probability": 100,
			"StageName": "Closed Won",
			"TotalOpportunityQuantity": null,
			"Type": "New Customer"
		},
		{
			"attributes": {
				"type": "Opportunity",
				"url": "/services/data/v48.0/sobjects/Opportunity/0061g000007m175AAA"
			},
			"AccountId": "0011g00000jMVrDAAW",
			"Amount": 100000,
			"CampaignId": null,
			"CloseDate": "2019-12-15",
			"ContactId": null,
			"Description": null,
			"ForecastCategoryName": "Pipeline",
			"Id": "0061g000007m175AAA",
			"IsPrivate": false,
			"LeadSource": "Phone Inquiry",
			"Name": "Pyramid Emergency Generators",
			"NextStep": null,
			"Probability": 10,
			"StageName": "Prospecting",
			"TotalOpportunityQuantity": null,
			"Type": null
		},
		{
			"attributes": {
				"type": "Opportunity",
				"url": "/services/data/v48.0/sobjects/Opportunity/0061g000007m176AAA"
			},
			"AccountId": "0011g00000jMVrHAAW",
			"Amount": 80000,
			"CampaignId": null,
			"CloseDate": "2019-10-31",
			"ContactId": null,
			"Description": null,
			"ForecastCategoryName": "Pipeline",
			"Id": "0061g000007m176AAA",
			"IsPrivate": false,
			"LeadSource": "External Referral",
			"Name": "Express Logistics Portable Truck Generators",
			"NextStep": null,
			"Probability": 50,
			"StageName": "Value Proposition",
			"TotalOpportunityQuantity": null,
			"Type": "Existing Customer - Upgrade"
		},
		{
			"attributes": {
				"type": "Opportunity",
				"url": "/services/data/v48.0/sobjects/Opportunity/0061g000007m177AAA"
			},
			"AccountId": "0011g00000jMVrLAAW",
			"Amount": 60000,
			"CampaignId": null,
			"CloseDate": "2020-01-30",
			"ContactId": null,
			"Description": null,
			"ForecastCategoryName": "Pipeline",
			"Id": "0061g000007m177AAA",
			"IsPrivate": false,
			"LeadSource": null,
			"Name": "GenePoint Lab Generators",
			"NextStep": null,
			"Probability": 60,
			"StageName": "Id. Decision Makers",
			"TotalOpportunityQuantity": null,
			"Type": null
		},
		{
			"attributes": {
				"type": "Opportunity",
				"url": "/services/data/v48.0/sobjects/Opportunity/0061g000007m178AAA"
			},
			"AccountId": "0011g00000jMVrLAAW",
			"Amount": 30000,
			"CampaignId": null,
			"CloseDate": "2020-02-02",
			"ContactId": null,
			"Description": null,
			"ForecastCategoryName": "Closed",
			"Id": "0061g000007m178AAA",
			"IsPrivate": false,
			"LeadSource": "Partner",
			"Name": "GenePoint SLA",
			"NextStep": null,
			"Probability": 100,
			"StageName": "Closed Won",
			"TotalOpportunityQuantity": null,
			"Type": "Existing Customer - Upgrade"
		},
		{
			"attributes": {
				"type": "Opportunity",
				"url": "/services/data/v48.0/sobjects/Opportunity/0061g000007m179AAA"
			},
			"AccountId": "0011g00000jMVrGAAW",
			"Amount": 270000,
			"CampaignId": null,
			"CloseDate": "2019-12-03",
			"ContactId": null,
			"Description": null,
			"ForecastCategoryName": "Pipeline",
			"Id": "0061g000007m179AAA",
			"IsPrivate": false,
			"LeadSource": null,
			"Name": "United Oil Installations",
			"NextStep": null,
			"Probability": 90,
			"StageName": "Negotiation/Review",
			"TotalOpportunityQuantity": null,
			"Type": "Existing Customer - Upgrade"
		},
		{
			"attributes": {
				"type": "Opportunity",
				"url": "/services/data/v48.0/sobjects/Opportunity/0061g000007m17AAAQ"
			},
			"AccountId": "0011g00000jMVrBAAW",
			"Amount": 50000,
			"CampaignId": null,
			"CloseDate": "2019-11-27",
			"ContactId": null,
			"Description": null,
			"ForecastCategoryName": "Closed",
			"Id": "0061g000007m17AAAQ",
			"IsPrivate": false,
			"LeadSource": "Word of mouth",
			"Name": "Edge Installation",
			"NextStep": null,
			"Probability": 100,
			"StageName": "Closed Won",
			"TotalOpportunityQuantity": null,
			"Type": "Existing Customer - Upgrade"
		},
		{
			"attributes": {
				"type": "Opportunity",
				"url": "/services/data/v48.0/sobjects/Opportunity/0061g000007m17BAAQ"
			},
			"AccountId": "0011g00000jMVrBAAW",
			"Amount": 60000,
			"CampaignId": null,
			"CloseDate": "2019-10-23",
			"ContactId": null,
			"Description": null,
			"ForecastCategoryName": "Closed",
			"Id": "0061g000007m17BAAQ",
			"IsPrivate": false,
			"LeadSource": "Word of mouth",
			"Name": "Edge SLA",
			"NextStep": null,
			"Probability": 100,
			"StageName": "Closed Won",
			"TotalOpportunityQuantity": null,
			"Type": "Existing Customer - Upgrade"
		},
		{
			"attributes": {
				"type": "Opportunity",
				"url": "/services/data/v48.0/sobjects/Opportunity/0061g000007m17CAAQ"
			},
			"AccountId": "0011g00000jMVrGAAW",
			"Amount": 270000,
			"CampaignId": null,
			"CloseDate": "2019-12-02",
			"ContactId": null,
			"Description": null,
			"ForecastCategoryName": "Closed",
			"Id": "0061g000007m17CAAQ",
			"IsPrivate": false,
			"LeadSource": "Partner",
			"Name": "United Oil Installations",
			"NextStep": null,
			"Probability": 100,
			"StageName": "Closed Won",
			"TotalOpportunityQuantity": null,
			"Type": "Existing Customer - Upgrade"
		},
		{
			"attributes": {
				"type": "Opportunity",
				"url": "/services/data/v48.0/sobjects/Opportunity/0061g000007m17DAAQ"
			},
			"AccountId": "0011g00000jMVrFAAW",
			"Amount": 350000,
			"CampaignId": null,
			"CloseDate": "2020-01-19",
			"ContactId": null,
			"Description": null,
			"ForecastCategoryName": "Closed",
			"Id": "0061g000007m17DAAQ",
			"IsPrivate": false,
			"LeadSource": "External Referral",
			"Name": "Grand Hotels Generator Installations",
			"NextStep": null,
			"Probability": 100,
			"StageName": "Closed Won",
			"TotalOpportunityQuantity": null,
			"Type": "Existing Customer - Upgrade"
		},
		{
			"attributes": {
				"type": "Opportunity",
				"url": "/services/data/v48.0/sobjects/Opportunity/0061g000007m17EAAQ"
			},
			"AccountId": "0011g00000jMVrGAAW",
			"Amount": 915000,
			"CampaignId": null,
			"CloseDate": "2020-01-14",
			"ContactId": null,
			"Description": null,
			"ForecastCategoryName": "Closed",
			"Id": "0061g000007m17EAAQ",
			"IsPrivate": false,
			"LeadSource": "Partner",
			"Name": "United Oil Refinery Generators",
			"NextStep": null,
			"Probability": 100,
			"StageName": "Closed Won",
			"TotalOpportunityQuantity": null,
			"Type": "New Customer"
		},
		{
			"attributes": {
				"type": "Opportunity",
				"url": "/services/data/v48.0/sobjects/Opportunity/0061g000007m17FAAQ"
			},
			"AccountId": "0011g00000jMVrIAAW",
			"Amount": 100000,
			"CampaignId": null,
			"CloseDate": "2019-11-03",
			"ContactId": null,
			"Description": null,
			"ForecastCategoryName": "Pipeline",
			"Id": "0061g000007m17FAAQ",
			"IsPrivate": false,
			"LeadSource": "Employee Referral",
			"Name": "University of AZ Installations",
			"NextStep": null,
			"Probability": 75,
			"StageName": "Proposal/Price Quote",
			"TotalOpportunityQuantity": null,
			"Type": "Existing Customer - Upgrade"
		},
		{
			"attributes": {
				"type": "Opportunity",
				"url": "/services/data/v48.0/sobjects/Opportunity/0061g000007m17GAAQ"
			},
			"AccountId": "0011g00000jMVrHAAW",
			"Amount": 120000,
			"CampaignId": null,
			"CloseDate": "2019-11-01",
			"ContactId": null,
			"Description": null,
			"ForecastCategoryName": "Pipeline",
			"Id": "0061g000007m17GAAQ",
			"IsPrivate": false,
			"LeadSource": "External Referral",
			"Name": "Express Logistics SLA",
			"NextStep": null,
			"Probability": 70,
			"StageName": "Perception Analysis",
			"TotalOpportunityQuantity": null,
			"Type": "Existing Customer - Upgrade"
		},
		{
			"attributes": {
				"type": "Opportunity",
				"url": "/services/data/v48.0/sobjects/Opportunity/0061g000007m17HAAQ"
			},
			"AccountId": "0011g00000jMVrIAAW",
			"Amount": 90000,
			"CampaignId": null,
			"CloseDate": "2019-11-10",
			"ContactId": null,
			"Description": null,
			"ForecastCategoryName": "Closed",
			"Id": "0061g000007m17HAAQ",
			"IsPrivate": false,
			"LeadSource": "Public Relations",
			"Name": "University of AZ SLA",
			"NextStep": null,
			"Probability": 100,
			"StageName": "Closed Won",
			"TotalOpportunityQuantity": null,
			"Type": "Existing Customer - Upgrade"
		},
		{
			"attributes": {
				"type": "Opportunity",
				"url": "/services/data/v48.0/sobjects/Opportunity/0061g000007m17IAAQ"
			},
			"AccountId": "0011g00000jMVrCAAW",
			"Amount": 235000,
			"CampaignId": null,
			"CloseDate": "2019-12-12",
			"ContactId": null,
			"Description": null,
			"ForecastCategoryName": "Closed",
			"Id": "0061g000007m17IAAQ",
			"IsPrivate": false,
			"LeadSource": "Web",
			"Name": "Burlington Textiles Weaving Plant Generator",
			"NextStep": null,
			"Probability": 100,
			"StageName": "Closed Won",
			"TotalOpportunityQuantity": null,
			"Type": "New Customer"
		},
		{
			"attributes": {
				"type": "Opportunity",
				"url": "/services/data/v48.0/sobjects/Opportunity/0061g000007m17JAAQ"
			},
			"AccountId": "0011g00000jMVrGAAW",
			"Amount": 235000,
			"CampaignId": null,
			"CloseDate": "2019-12-14",
			"ContactId": null,
			"Description": null,
			"ForecastCategoryName": "Closed",
			"Id": "0061g000007m17JAAQ",
			"IsPrivate": false,
			"LeadSource": "External Referral",
			"Name": "United Oil Installations",
			"NextStep": null,
			"Probability": 100,
			"StageName": "Closed Won",
			"TotalOpportunityQuantity": null,
			"Type": "Existing Customer - Upgrade"
		},
		{
			"attributes": {
				"type": "Opportunity",
				"url": "/services/data/v48.0/sobjects/Opportunity/0061g000007m17KAAQ"
			},
			"AccountId": "0011g00000jMVrGAAW",
			"Amount": 440000,
			"CampaignId": null,
			"CloseDate": "2019-11-26",
			"ContactId": null,
			"Description": null,
			"ForecastCategoryName": "Closed",
			"Id": "0061g000007m17KAAQ",
			"IsPrivate": false,
			"LeadSource": "External Referral",
			"Name": "United Oil Emergency Generators",
			"NextStep": null,
			"Probability": 100,
			"StageName": "Closed Won",
			"TotalOpportunityQuantity": null,
			"Type": "Existing Customer - Upgrade"
		},
		{
			"attributes": {
				"type": "Opportunity",
				"url": "/services/data/v48.0/sobjects/Opportunity/0061g000007m17LAAQ"
			},
			"AccountId": "0011g00000jMVrFAAW",
			"Amount": 90000,
			"CampaignId": null,
			"CloseDate": "2019-10-30",
			"ContactId": null,
			"Description": null,
			"ForecastCategoryName": "Closed",
			"Id": "0061g000007m17LAAQ",
			"IsPrivate": false,
			"LeadSource": "External Referral",
			"Name": "Grand Hotels SLA",
			"NextStep": null,
			"Probability": 100,
			"StageName": "Closed Won",
			"TotalOpportunityQuantity": null,
			"Type": "Existing Customer - Upgrade"
		},
		{
			"attributes": {
				"type": "Opportunity",
				"url": "/services/data/v48.0/sobjects/Opportunity/0061g000007m17MAAQ"
			},
			"AccountId": "0011g00000jMVrGAAW",
			"Amount": 120000,
			"CampaignId": null,
			"CloseDate": "2020-01-29",
			"ContactId": null,
			"Description": null,
			"ForecastCategoryName": "Closed",
			"Id": "0061g000007m17MAAQ",
			"IsPrivate": false,
			"LeadSource": "External Referral",
			"Name": "United Oil Standby Generators",
			"NextStep": null,
			"Probability": 100,
			"StageName": "Closed Won",
			"TotalOpportunityQuantity": null,
			"Type": "Existing Customer - Upgrade"
		},
		{
			"attributes": {
				"type": "Opportunity",
				"url": "/services/data/v48.0/sobjects/Opportunity/0061g000007m17NAAQ"
			},
			"AccountId": "0011g00000jMVrFAAW",
			"Amount": 210000,
			"CampaignId": null,
			"CloseDate": "2020-01-17",
			"ContactId": null,
			"Description": null,
			"ForecastCategoryName": "Closed",
			"Id": "0061g000007m17NAAQ",
			"IsPrivate": false,
			"LeadSource": "External Referral",
			"Name": "Grand Hotels Emergency Generators",
			"NextStep": null,
			"Probability": 100,
			"StageName": "Closed Won",
			"TotalOpportunityQuantity": null,
			"Type": "New Customer"
		},
		{
			"attributes": {
				"type": "Opportunity",
				"url": "/services/data/v48.0/sobjects/Opportunity/0061g000007m17OAAQ"
			},
			"AccountId": "0011g00000jMVrGAAW",
			"Amount": 675000,
			"CampaignId": null,
			"CloseDate": "2019-12-31",
			"ContactId": null,
			"Description": null,
			"ForecastCategoryName": "Pipeline",
			"Id": "0061g000007m17OAAQ",
			"IsPrivate": false,
			"LeadSource": null,
			"Name": "United Oil Plant Standby Generators",
			"NextStep": null,
			"Probability": 20,
			"StageName": "Needs Analysis",
			"TotalOpportunityQuantity": null,
			"Type": "Existing Customer - Upgrade"
		},
		{
			"attributes": {
				"type": "Opportunity",
				"url": "/services/data/v48.0/sobjects/Opportunity/0061g000007m17PAAQ"
			},
			"AccountId": "0011g00000jMVrBAAW",
			"Amount": 35000,
			"CampaignId": null,
			"CloseDate": "2020-02-11",
			"ContactId": null,
			"Description": null,
			"ForecastCategoryName": "Pipeline",
			"Id": "0061g000007m17PAAQ",
			"IsPrivate": false,
			"LeadSource": null,
			"Name": "Edge Emergency Generator",
			"NextStep": null,
			"Probability": 60,
			"StageName": "Id. Decision Makers",
			"TotalOpportunityQuantity": null,
			"Type": "Existing Customer - Replacement"
		}
	],
	"total": 31
}